source,overall_accuracy,accuracy_ss2,accuracy_ss3,accuracy_ss5,accuracy_ss6,accuracy_early,accuracy_late,learning_effect,post_reversal_accuracy
real,0.7354589955668482,0.8324618136782717,0.8102649006622517,0.7147064710760345,0.681410439927474,0.7334021182960982,0.7547583669426166,0.021356248646518305,0.4035930645498224
synthetic,0.5003170675121801,0.522631217714843,0.5094680686903423,0.4872145524007988,0.4781207598371777,0.5059117040893806,0.4945080196700216,-0.011403684419358961,0.45021645021645024
difference,-0.23514192805466816,-0.30983059596342866,-0.3007968319719093,-0.22749191867523566,-0.20328968009029624,-0.22749041420671767,-0.26025034727259494,-0.03275993306587727,0.046623385666627826
