parameter,pearson_r,p_value,rmse,bias,pass_fail
alpha_pos,-0.7798668237500921,0.43057351636018254,0.12157759142541168,0.053694215684420864,FAIL
alpha_neg,0.771312952629233,0.4392006923508032,0.2798451814973183,0.12158002881764973,FAIL
epsilon,0.9978882858489789,0.04137987181628336,0.02653703285284115,-0.0013192330545881519,PASS
