dataset,subject,nll,converged,true_alpha_pos,recovered_alpha_pos,true_alpha_neg,recovered_alpha_neg,true_epsilon,recovered_epsilon
0,0,1411.7484130859375,True,0.7734081364588514,0.7968896627426147,0.43900068287254823,0.9155682921409607,0.8578807240715597,0.880709171295166
0,1,1455.197509765625,True,0.6969732930012452,0.8967794179916382,0.09498899319187423,0.011052087880671024,0.9746711069334825,0.9364510774612427
0,2,634.4019775390625,True,0.7606174225863722,0.6984124183654785,0.7854921766663999,0.7576015591621399,0.12885740541019478,0.14029128849506378
