parameter,pearson_r,p_value,rmse,bias,pass_fail
alpha_pos,0.8306373666362854,9.928112714578257e-129,0.1681199819858318,-0.002230703353812337,PASS
alpha_neg,0.8639125031677224,1.875150002901811e-150,0.15711609097176912,-0.0032473236994774793,PASS
epsilon,0.9951057781970432,0.0,0.02937119510583144,-0.005850005962116791,PASS
