k,silhouette_score,optimal
2,0.31013900726993954,False
3,0.32652542341793306,True
4,0.32151428676707167,False
