k,silhouette_score,optimal
2,0.4139489880039773,False
3,0.4362938366720459,True
4,0.42585951081282203,False
