k,silhouette_score,optimal
2,0.4888488318484851,True
3,0.4674045355687317,False
4,0.4095910479127701,False
