{
  "model": "wmrl",
  "n_participants": 154,
  "n_starts": 50,
  "total_time_s": 20469.77599287033,
  "total_time_min": 341.16293321450553,
  "avg_time_per_participant_s": 132.92062333032683,
  "jit_compilation_time_s": null,
  "steady_state_avg_s": null,
  "n_jobs": 1,
  "peak_memory_mb": 1761.73828125,
  "initial_memory_mb": 1635.9140625,
  "memory_increase_mb": 125.82421875,
  "timestamp": "2026-04-09T14:40:46.381266",
  "seed": 42,
  "data_file": "output/ppc/wmrl_m5/synthetic_trials.csv",
  "n_converged": 131,
  "convergence_rate": 0.8506493506493507
}