{
  "model": "wmrl",
  "n_participants": 154,
  "n_starts": 50,
  "total_time_s": 24987.738000631332,
  "total_time_min": 416.4623000105222,
  "avg_time_per_participant_s": 162.25803896513852,
  "jit_compilation_time_s": null,
  "steady_state_avg_s": null,
  "n_jobs": 1,
  "peak_memory_mb": 1798.1796875,
  "initial_memory_mb": 1677.6484375,
  "memory_increase_mb": 120.53125,
  "timestamp": "2026-04-09T07:26:43.716141",
  "seed": 42,
  "data_file": "output/ppc/wmrl_m3/synthetic_trials.csv",
  "n_converged": 127,
  "convergence_rate": 0.8246753246753247
}