sona_id,lec_total_events,lec_personal_events,lec_sum_exposures,ies_total,ies_intrusion,ies_avoidance,ies_hyperarousal,accuracy_overall,n_trials_total,mean_rt_overall
9187,11,8,19,22,7,9,6,0.6202414113277623,1077,494.1670454514749
10000,4,1,5,40,12,22,6,0.6722376973073352,1077,681.4264432189628
10001,9,7,16,3,3,0,0,0.5990338164251208,207,629.9805825242719
10002,11,1,12,0,0,0,0,0.807799442896936,1077,555.9345759558322
10003,13,7,20,28,17,8,3,0.7056638811513464,1077,781.0694866922645
10004,8,4,12,9,2,5,2,0.8356545961002786,1077,519.4751858525117
10005,6,4,10,10,4,6,0,0.8254410399257196,1077,728.5042950514596
10006,9,5,14,1,1,0,0,0.8421541318477251,1077,592.5567164179632
10007,13,7,20,17,4,12,1,0.5134633240482822,1077,299.24752104768163
