participant_id,alpha_pos,alpha_neg,phi,rho,capacity,kappa,epsilon,nll,aic,bic,aicc,pseudo_r2,alpha_pos_hdi_low,alpha_pos_hdi_high,alpha_pos_sd,alpha_neg_hdi_low,alpha_neg_hdi_high,alpha_neg_sd,phi_hdi_low,phi_hdi_high,phi_sd,rho_hdi_low,rho_hdi_high,rho_sd,capacity_hdi_low,capacity_hdi_high,capacity_sd,kappa_hdi_low,kappa_hdi_high,kappa_sd,epsilon_hdi_low,epsilon_hdi_high,epsilon_sd,max_rhat,min_ess_bulk,num_divergences,min_bfmi,per_chain_ess_bulk,n_trials,converged,at_bounds,parameterization_version,kappa_parameterization
9187,0.013671514578163624,8.330260243383236e-06,0.19699165225028992,0.29822224378585815,2.660322666168213,0.009460736066102982,0.0465729758143425,,,,,,0.010772652924060822,0.016821937635540962,0.0015568826347589493,2.3626350875716184e-10,2.63919064309448e-05,1.27998218886205e-05,0.06993892043828964,0.3308592438697815,0.070545993745327,0.1521216332912445,0.4421038031578064,0.07547489553689957,2.0000991821289062,3.4532546997070312,0.44231346249580383,2.644082087499555e-06,0.026891589164733887,0.008623518981039524,0.006218326278030872,0.09492796659469604,0.02505667693912983,1.0,9096.0,0,0.7097063064575195,549;743;647;738,990,True,,"v4.0-K[2,6]-phiapprox",convex
10000,0.015046300366520882,8.390084985876456e-06,0.35772034525871277,0.8092906475067139,2.460855484008789,0.0039992122910916805,0.053640611469745636,,,,,,0.010790624655783176,0.019912343472242355,0.0023731100372970104,3.41386190150228e-11,2.7165944629814476e-05,1.1832123163912911e-05,0.27759408950805664,0.4339449405670166,0.04087992385029793,0.6585990786552429,0.9416884183883667,0.0739034041762352,2.000504970550537,2.9768757820129395,0.29042384028434753,2.171452933907858e-06,0.01295316219329834,0.004356877878308296,0.016529904678463936,0.09689858555793762,0.021190224215388298,1.0,9020.0,0,0.7097063064575195,549;743;647;738,988,True,,"v4.0-K[2,6]-phiapprox",convex
10002,0.04465384781360626,8.385659384657629e-06,0.13485780358314514,0.8644367456436157,2.4598472118377686,0.07021450996398926,0.042618997395038605,,,,,,0.029445238411426544,0.06149790436029434,0.008359936997294426,8.164117819287053e-12,2.7215810405323282e-05,1.2359702850517351e-05,0.06485899537801743,0.2003149688243866,0.03528692573308945,0.7053466439247131,0.9935102462768555,0.08266124874353409,2.000094413757324,3.2674789428710938,0.3998298645019531,0.04417131841182709,0.09844756126403809,0.013978488743305206,0.021505262702703476,0.06657762080430984,0.011791479773819447,1.0,9182.0,0,0.7097063064575195,549;743;647;738,986,True,,"v4.0-K[2,6]-phiapprox",convex
10003,0.015807414427399635,8.388618880417198e-06,0.32813572883605957,0.9085789322853088,2.5025458335876465,0.026331771165132523,0.021138140931725502,,,,,,0.01170411892235279,0.02020624279975891,0.002177187241613865,1.3187773095779676e-10,2.724220212257933e-05,1.1783838999690488e-05,0.2782617509365082,0.375860333442688,0.025174465030431747,0.8059971332550049,0.9974277019500732,0.053829438984394073,2.000542640686035,2.999420166015625,0.2811472415924072,3.590896085370332e-06,0.054300591349601746,0.015514128841459751,0.004376864526420832,0.04114409536123276,0.010045582428574562,1.0,8179.0,0,0.7097063064575195,549;743;647;738,973,True,,"v4.0-K[2,6]-phiapprox",convex
10004,0.05089274421334267,8.592257472628262e-06,0.1320386379957199,0.9240416288375854,3.516690731048584,0.03267297521233559,0.05577291175723076,,,,,,0.026193445548415184,0.07788625359535217,0.013811327517032623,4.982307344469916e-10,2.7569805752136745e-05,1.4040706446394324e-05,0.077140212059021,0.20356860756874084,0.03385717421770096,0.8228404521942139,0.9994348883628845,0.0518367625772953,2.5210366249084473,4.500382423400879,0.5211704969406128,0.009705530479550362,0.05703519284725189,0.012165132910013199,0.033107463270425797,0.0795239806175232,0.012112902477383614,1.0,9793.0,0,0.7097063064575195,549;743;647;738,990,True,,"v4.0-K[2,6]-phiapprox",convex
10005,0.03108885884284973,8.326579518325161e-06,0.21737021207809448,0.9037689566612244,2.7507874965667725,0.016539722681045532,0.02906632423400879,,,,,,0.019722215831279755,0.04433581605553627,0.006518068723380566,1.801611082541399e-10,2.7488364139571786e-05,1.1454710147518199e-05,0.1502263844013214,0.2726486325263977,0.031233197078108788,0.7887994647026062,0.9983964562416077,0.06041393429040909,2.0195565223693848,3.4053707122802734,0.36565878987312317,7.805535278748721e-05,0.03360900282859802,0.009482634253799915,0.009291939437389374,0.05050649866461754,0.010974757373332977,1.0,7396.0,0,0.7097063064575195,549;743;647;738,985,True,,"v4.0-K[2,6]-phiapprox",convex
10006,0.04702654480934143,8.815925866656471e-06,0.16947299242019653,0.9158913493156433,2.9573826789855957,0.005983510985970497,0.03217259794473648,,,,,,0.031391412019729614,0.06434692442417145,0.008631628006696701,9.387993715748166e-10,2.918798418249935e-05,1.5396710296045057e-05,0.11693933606147766,0.22400978207588196,0.02764705754816532,0.8091840147972107,0.9986372590065002,0.0549389123916626,2.121830701828003,3.779188632965088,0.424561083316803,1.4570401845048764e-06,0.015993155539035797,0.005061230156570673,0.015364470891654491,0.05003504827618599,0.008989900350570679,1.0,8416.0,0,0.7097063064575195,549;743;647;738,987,True,,"v4.0-K[2,6]-phiapprox",convex
10016,0.03187590837478638,8.521239578840323e-06,0.19262823462486267,0.8297975063323975,4.476593971252441,0.0437752902507782,0.02745930477976799,,,,,,0.019801853224635124,0.0462331585586071,0.006979719735682011,3.9470385293505217e-10,2.7684391170623712e-05,1.330031045654323e-05,0.15799880027770996,0.22739461064338684,0.01764681190252304,0.708763599395752,0.9456939101219177,0.06191110983490944,3.4228687286376953,5.45382022857666,0.5213705897331238,0.020520344376564026,0.06896466016769409,0.01252096425741911,0.010930020362138748,0.04469369351863861,0.008881805464625359,1.0,9506.0,0,0.7097063064575195,549;743;647;738,987,True,,"v4.0-K[2,6]-phiapprox",convex
10017,0.03393533080816269,8.58007297210861e-06,0.134369358420372,0.9178425669670105,4.9621710777282715,0.038832299411296844,0.06281381100416183,,,,,,0.006679798010736704,0.07236622273921967,0.019916368648409843,1.2521507442020408e-10,2.8478372769313864e-05,1.4812750123383012e-05,0.06631268560886383,0.19332003593444824,0.03341999650001526,0.8359702825546265,0.9979458451271057,0.045567598193883896,3.9965052604675293,5.873418807983398,0.5170193910598755,0.014303148724138737,0.06384425610303879,0.012671997770667076,0.025506872683763504,0.09775179624557495,0.01852545700967312,1.0,5752.0,0,0.7097063064575195,549;743;647;738,986,True,,"v4.0-K[2,6]-phiapprox",convex
10018,0.022650547325611115,8.438903932983521e-06,0.26644957065582275,0.8782289028167725,2.179903030395508,0.03196117281913757,0.02632472850382328,,,,,,0.016403425484895706,0.029518749564886093,0.003431951394304633,1.0284547519168186e-10,2.7582465918385424e-05,1.1653430192382075e-05,0.20695438981056213,0.32821375131607056,0.031317971646785736,0.7310488224029541,0.9994907975196838,0.07747440040111542,2.0000977516174316,2.5040597915649414,0.17045754194259644,0.005936996545642614,0.05915158987045288,0.013863946311175823,0.006416741292923689,0.04907183349132538,0.011481900699436665,1.0,8045.0,0,0.7097063064575195,549;743;647;738,986,True,,"v4.0-K[2,6]-phiapprox",convex
10024,0.04305325448513031,8.526962119503878e-06,0.2194642871618271,0.9030980467796326,3.2359063625335693,0.06018586829304695,0.016652466729283333,,,,,,0.02379474975168705,0.06367521733045578,0.01069070678204298,5.391981652835831e-11,2.8228017981746234e-05,1.3344513718038797e-05,0.17777064442634583,0.26029297709465027,0.02086460590362549,0.7790932655334473,0.998634934425354,0.0627344474196434,2.151322603225708,4.391713619232178,0.5940561294555664,0.027221398428082466,0.09460824728012085,0.01745568960905075,0.0038676171097904444,0.030907876789569855,0.007330956403166056,1.0,9043.0,0,0.7097063064575195,549;743;647;738,718,True,,"v4.0-K[2,6]-phiapprox",convex
10025,0.03044295497238636,8.344664820469916e-06,0.27364441752433777,0.6170912981033325,2.2708475589752197,0.056491006165742874,0.05804312229156494,,,,,,0.011767569929361343,0.05886527895927429,0.0139345433562994,2.6451810186678415e-10,2.753621811280027e-05,1.1707042176567484e-05,0.10339221358299255,0.522911548614502,0.12148759514093399,0.30372264981269836,0.9068694114685059,0.16027335822582245,2.0000782012939453,2.8339123725891113,0.2922153174877167,0.000606174289714545,0.1065952479839325,0.028571758419275284,0.01230713166296482,0.10830450057983398,0.02572854608297348,1.0,4039.0,0,0.7097063064575195,549;743;647;738,414,True,,"v4.0-K[2,6]-phiapprox",convex
10027,0.04265553131699562,8.43656380311586e-06,0.16776235401630402,0.838045060634613,2.4743964672088623,0.009255953133106232,0.030487647280097008,,,,,,0.028893161565065384,0.05736717954277992,0.007604146376252174,1.9576353038619487e-10,2.755488094408065e-05,1.2179704754089471e-05,0.07906261086463928,0.23457476496696472,0.03912586718797684,0.6533197164535522,0.995124340057373,0.09815490245819092,2.000079870223999,3.123715400695801,0.35126587748527527,5.143211637914646e-06,0.023883411660790443,0.007441398687660694,0.012838026508688927,0.05109185725450516,0.010018669068813324,1.0,6988.0,0,0.7097063064575195,549;743;647;738,718,True,,"v4.0-K[2,6]-phiapprox",convex
10029,0.046433914452791214,8.707847882760689e-06,0.20027296245098114,0.7259259223937988,2.9516515731811523,0.007061134558171034,0.03425475209951401,,,,,,0.029580796137452126,0.0675588995218277,0.010073063895106316,1.7143372832428838e-10,2.8316258976701647e-05,1.3900157682655845e-05,0.12170493602752686,0.2652059495449066,0.03554612770676613,0.5146247744560242,0.9267473816871643,0.1085665374994278,2.0002124309539795,4.264621734619141,0.6915317177772522,5.013792360841762e-06,0.01857185922563076,0.005772202275693417,0.014060195535421371,0.05561938136816025,0.010941434651613235,1.0,6375.0,0,0.7097063064575195,549;743;647;738,720,True,,"v4.0-K[2,6]-phiapprox",convex
10030,0.04617166146636009,8.597248779551592e-06,0.1297508180141449,0.8572291135787964,2.799974203109741,0.02155321091413498,0.0177853275090456,,,,,,0.031355638056993484,0.06265353411436081,0.008088515140116215,3.710007648316527e-11,2.840326305886265e-05,1.2166868145868648e-05,0.05114075168967247,0.20649755001068115,0.04201764613389969,0.691841721534729,0.9957973957061768,0.0868484154343605,2.0040266513824463,3.7546911239624023,0.5079606771469116,0.000945073610637337,0.041984304785728455,0.011090001091361046,0.004615422338247299,0.03237910941243172,0.007610280532389879,1.0,8518.0,0,0.7097063064575195,549;743;647;738,716,True,,"v4.0-K[2,6]-phiapprox",convex
10031,0.029285646975040436,8.487613740726374e-06,0.22111131250858307,0.8300647735595703,2.7771987915039062,0.014321878552436829,0.04932679608464241,,,,,,0.015315452590584755,0.04716166481375694,0.008980096317827702,1.6228758614733607e-10,2.7693058655131608e-05,1.2494147995312233e-05,0.11519604921340942,0.29182493686676025,0.04256119579076767,0.665756344795227,0.9897512197494507,0.08869941532611847,2.000066041946411,3.7668814659118652,0.5221229195594788,8.807263839116786e-06,0.03591544181108475,0.011172608472406864,0.017360946163535118,0.08389076590538025,0.01760176196694374,1.0,5608.0,0,0.7097063064575195,549;743;647;738,719,True,,"v4.0-K[2,6]-phiapprox",convex
10035,0.02514316327869892,8.533045729564037e-06,0.187806636095047,0.9228121042251587,2.5404467582702637,0.009799307212233543,0.02961413562297821,,,,,,0.01651734858751297,0.03487459197640419,0.00477324053645134,9.674143430782323e-11,2.7679821869242005e-05,1.2235621397849172e-05,0.1149178147315979,0.2561436891555786,0.03540657460689545,0.8082679510116577,0.9999001026153564,0.05776317045092583,2.000074863433838,3.1477441787719727,0.3356536030769348,1.8766422726912424e-05,0.025618547573685646,0.00807577557861805,0.007606627885252237,0.053855784237384796,0.01227603666484356,1.0,7409.0,0,0.7097063064575195,549;743;647;738,717,True,,"v4.0-K[2,6]-phiapprox",convex
10036,0.01745636574923992,8.374395292776171e-06,0.4038538336753845,0.8231260776519775,2.3012030124664307,0.007438179105520248,0.024380285292863846,,,,,,0.013062771409749985,0.02179848775267601,0.002245633862912655,7.170001814493787e-10,2.7220967240282334e-05,1.2140215403633192e-05,0.3510887920856476,0.4612361788749695,0.027745313942432404,0.6535995006561279,0.9750192761421204,0.0870923176407814,2.000295400619507,2.8379933834075928,0.2808856666088104,7.4168983701383695e-06,0.021988218650221825,0.00730561651289463,0.005327480845153332,0.048158399760723114,0.011747166514396667,1.0,9217.0,0,0.7097063064575195,549;743;647;738,713,True,,"v4.0-K[2,6]-phiapprox",convex
10039,0.020409172400832176,8.454587259620894e-06,0.23216626048088074,0.909690260887146,2.7183613777160645,0.01325192116200924,0.023885658010840416,,,,,,0.01425064355134964,0.027003029361367226,0.0032708067446947098,1.6632319133069728e-10,2.8064514481229708e-05,1.2035336112603545e-05,0.18893000483512878,0.2759275436401367,0.021953070536255836,0.7969669103622437,0.9997401237487793,0.05972592532634735,2.058408260345459,3.2679965496063232,0.3196330964565277,5.207083177083405e-06,0.031723421066999435,0.009605740197002888,0.005523118190467358,0.046524763107299805,0.011146970093250275,1.0,8773.0,0,0.7097063064575195,549;743;647;738,711,True,,"v4.0-K[2,6]-phiapprox",convex
10041,0.013075370341539383,8.340176464116666e-06,0.47210752964019775,0.632248044013977,2.2616865634918213,0.12692523002624512,0.055390868335962296,,,,,,0.008715289644896984,0.01803518831729889,0.0024513197131454945,4.3405376515259775e-10,2.678837518033106e-05,1.24075895655551e-05,0.3641497492790222,0.5827972292900085,0.05629091337323189,0.4003773331642151,0.8699436783790588,0.12031381577253342,2.0000481605529785,2.824258327484131,0.3130871057510376,0.07239963859319687,0.18115884065628052,0.028446437790989876,0.00810903962701559,0.116728276014328,0.030201038345694542,1.0,9222.0,0,0.7097063064575195,549;743;647;738,696,True,,"v4.0-K[2,6]-phiapprox",convex
10043,0.01662471890449524,8.655353667563759e-06,0.3880764842033386,0.8274653553962708,2.3757500648498535,0.010136427357792854,0.034117721021175385,,,,,,0.01088636927306652,0.02320783957839012,0.0035065608099102974,2.5075408416341816e-10,2.82519577012863e-05,1.3763778042630292e-05,0.2936447858810425,0.4868559241294861,0.049488961696624756,0.6480415463447571,0.9730507731437683,0.08745195716619492,2.00018572807312,3.228337526321411,0.40125882625579834,2.9449013254634337e-06,0.029195962473750114,0.009447572752833366,0.00588802108541131,0.06808081269264221,0.017310461029410362,1.0,7040.0,0,0.7097063064575195,549;743;647;738,716,True,,"v4.0-K[2,6]-phiapprox",convex
10044,0.016619566828012466,8.447656909993384e-06,0.38829749822616577,0.8264940977096558,2.376108407974243,0.010150772519409657,0.03401164337992668,,,,,,0.011077668517827988,0.023320147767663002,0.0034222009126096964,4.0566969922162244e-11,2.7420073820394464e-05,1.2365566362859681e-05,0.2875140905380249,0.47940611839294434,0.049236442893743515,0.6545829772949219,0.9833863377571106,0.08861752599477768,2.000023603439331,3.233757257461548,0.4027326703071594,2.538957062370173e-07,0.029723210260272026,0.009596615098416805,0.00684457179158926,0.0691482275724411,0.01718737743794918,1.0,7878.0,0,0.7097063064575195,549;743;647;738,716,True,,"v4.0-K[2,6]-phiapprox",convex
10047,0.02103390358388424,8.490193977195304e-06,0.30545198917388916,0.919575035572052,2.4230453968048096,0.018048670142889023,0.028657613322138786,,,,,,0.015253916382789612,0.027653776109218597,0.0031950322445482016,2.4610100068933605e-10,2.7445337764220312e-05,1.3807733921566978e-05,0.25511640310287476,0.3579224944114685,0.026340072974562645,0.8026688098907471,0.9995112419128418,0.0586293525993824,2.0000362396240234,2.9482414722442627,0.28389114141464233,0.00010323312017135322,0.03910977393388748,0.011411422863602638,0.007076389156281948,0.05218639597296715,0.012202291749417782,1.0,9005.0,0,0.7097063064575195,549;743;647;738,717,True,,"v4.0-K[2,6]-phiapprox",convex
10050,0.020410306751728058,8.369743227376603e-06,0.29312562942504883,0.6668649911880493,2.430009365081787,0.0057398853823542595,0.02617468684911728,,,,,,0.014558282680809498,0.027077464386820793,0.00331316702067852,3.12238186694902e-11,2.7340058295521885e-05,1.2183111721242312e-05,0.15653789043426514,0.41694092750549316,0.07069987803697586,0.4531371295452118,0.8618916273117065,0.10622316598892212,2.0000102519989014,3.0447921752929688,0.3337898254394531,2.1909381757723168e-06,0.016371751204133034,0.005411610472947359,0.004317425657063723,0.051284633576869965,0.012854130007326603,1.0,8643.0,0,0.7097063064575195,549;743;647;738,717,True,,"v4.0-K[2,6]-phiapprox",convex
10051,0.0231766439974308,8.387172783841379e-06,0.2110549956560135,0.8775942921638489,2.5693860054016113,0.010206484235823154,0.03243085369467735,,,,,,0.016767330467700958,0.030888009816408157,0.003719660686329007,8.01155197738268e-10,2.746186510194093e-05,1.2309727935644332e-05,0.15576639771461487,0.2685866355895996,0.028640925884246826,0.7105324268341064,0.9985808730125427,0.08498147130012512,2.00002121925354,4.122306823730469,0.6482654809951782,4.2494579588492343e-07,0.030046209692955017,0.009808804839849472,0.010614143684506416,0.0569097176194191,0.012102892622351646,1.0,3397.0,0,0.7097063064575195,549;743;647;738,709,True,,"v4.0-K[2,6]-phiapprox",convex
10052,0.03048788569867611,8.685905413585715e-06,0.39968639612197876,0.6313416957855225,2.6447465419769287,0.016050560399889946,0.05687769874930382,,,,,,0.017329350113868713,0.04423757642507553,0.007115907035768032,5.119129009578671e-10,2.9224071113276295e-05,1.3553186363424174e-05,0.26313403248786926,0.5467616319656372,0.07953517138957977,0.42943665385246277,0.8392115235328674,0.10413694381713867,2.0010111331939697,3.4439237117767334,0.44932839274406433,1.3515967111743521e-05,0.0415821298956871,0.01299432571977377,0.01740254834294319,0.10426697134971619,0.023263290524482727,1.0,7188.0,0,0.7097063064575195,549;743;647;738,709,True,,"v4.0-K[2,6]-phiapprox",convex
10055,0.05501503124833107,8.590050128987059e-06,0.15401017665863037,0.8517746329307556,3.082266330718994,0.010599430650472641,0.1072746142745018,,,,,,0.029397888109087944,0.08468475937843323,0.014562536962330341,2.156758105442691e-10,2.8270058464840986e-05,1.3106817277730443e-05,0.06932681053876877,0.22412952780723572,0.039835125207901,0.6740416288375854,0.997149646282196,0.09336049109697342,2.0003530979156494,4.187906265258789,0.6148436069488525,1.0601402209431399e-06,0.029312442988157272,0.009276274591684341,0.07199707627296448,0.14155715703964233,0.017576545476913452,1.0,6891.0,0,0.7097063064575195,549;743;647;738,719,True,,"v4.0-K[2,6]-phiapprox",convex
10057,0.022221015766263008,8.453434020339046e-06,0.2947516143321991,0.750740110874176,2.7073075771331787,0.0033696878235787153,0.07141395658254623,,,,,,0.014574180357158184,0.02975931391119957,0.003942237701267004,2.1293213026130076e-10,2.706901250348892e-05,1.275099020858761e-05,0.24637997150421143,0.3500238358974457,0.025949304923415184,0.5565099716186523,0.9308971166610718,0.09615892916917801,2.0002214908599854,3.5039658546447754,0.4434922933578491,1.6358649190806318e-06,0.010730934329330921,0.003536685137078166,0.027095872908830643,0.11479741334915161,0.022931642830371857,1.0,9258.0,0,0.7097063064575195,549;743;647;738,712,True,,"v4.0-K[2,6]-phiapprox",convex
10058,0.01836307905614376,8.402575076615904e-06,0.3168744444847107,0.9120211005210876,2.230684995651245,0.012347356416285038,0.05029480159282684,,,,,,0.00819381419569254,0.031627997756004333,0.006775455549359322,5.610685804846582e-10,2.7707726985681802e-05,1.6664575014146976e-05,0.20069915056228638,0.44501906633377075,0.06593041121959686,0.7729145288467407,0.9996880292892456,0.0708194151520729,2.0001745223999023,2.613924980163574,0.21098114550113678,2.8028830456605647e-06,0.03429395705461502,0.011024373583495617,0.009758592583239079,0.0969664454460144,0.023969121277332306,1.0,6265.0,0,0.7097063064575195,549;743;647;738,697,True,,"v4.0-K[2,6]-phiapprox",convex
10059,0.051087453961372375,8.72960936249001e-06,0.21105776727199554,0.8722353577613831,3.184582471847534,0.05666911229491234,0.03640979528427124,,,,,,0.023995094001293182,0.0767642930150032,0.013729826547205448,1.5562942601299312e-10,2.8940448828507215e-05,1.5170742699410766e-05,0.17182090878486633,0.24871563911437988,0.019880983978509903,0.7165274620056152,0.9986138939857483,0.08215956389904022,2.002241373062134,4.393137454986572,0.6644261479377747,0.024744216352701187,0.0899454653263092,0.016882656142115593,0.01386293862015009,0.058812450617551804,0.011664895340800285,1.0,9013.0,0,0.7097063064575195,549;743;647;738,718,True,,"v4.0-K[2,6]-phiapprox",convex
10062,0.04080158472061157,8.575376341468655e-06,0.11351870745420456,0.9368352293968201,4.084621906280518,0.0031611337326467037,0.024865398183465004,,,,,,0.018626106902956963,0.06655243039131165,0.01298847422003746,1.5518561435889922e-10,2.771101935650222e-05,1.3761235095444135e-05,0.04325878992676735,0.1825275719165802,0.036222752183675766,0.8408104777336121,0.9997366070747375,0.048148613423109055,2.9786462783813477,5.157130241394043,0.5430597066879272,1.9656326912809163e-06,0.009548842906951904,0.003236209973692894,0.010139002464711666,0.04193028807640076,0.008274450898170471,1.0,9046.0,0,0.7097063064575195,549;743;647;738,718,True,,"v4.0-K[2,6]-phiapprox",convex
10063,0.013464978896081448,8.268283636425622e-06,0.3119380474090576,0.42289525270462036,3.1636440753936768,0.044516660273075104,0.04410236328840256,,,,,,0.009936762042343616,0.017036771401762962,0.0018260178621858358,9.139401041524664e-11,2.726412276388146e-05,1.1723695024556946e-05,0.2222282886505127,0.4237678349018097,0.04934091120958328,0.2565309405326843,0.597128689289093,0.08697789162397385,2.0017638206481934,4.587634563446045,0.7579001188278198,8.876818174030632e-05,0.0856269896030426,0.023448152467608452,0.008504335768520832,0.09047624468803406,0.02297036722302437,1.0,6534.0,0,0.7097063064575195,549;743;647;738,713,True,,"v4.0-K[2,6]-phiapprox",convex
10064,0.01822006143629551,8.322655958181713e-06,0.20694439113140106,0.7373210191726685,2.5877933502197266,0.020495766773819923,0.04795457422733307,,,,,,0.011697397567331791,0.026463763788342476,0.004051255062222481,1.6262337310113395e-10,2.7515105102793314e-05,1.1438754881964996e-05,0.10114708542823792,0.29122018814086914,0.04611489921808243,0.549248218536377,0.9218609929084778,0.09658288955688477,2.000030517578125,3.2660136222839355,0.3847264051437378,1.0576113709248602e-05,0.047027911990880966,0.014100954867899418,0.008361582644283772,0.09436118602752686,0.023014076054096222,1.0,6430.0,0,0.7097063064575195,549;743;647;738,712,True,,"v4.0-K[2,6]-phiapprox",convex
10065,0.046263545751571655,8.722665370441973e-06,0.14482912421226501,0.9204776883125305,4.151313304901123,0.0490543358027935,0.03349835425615311,,,,,,0.014816072769463062,0.08350199460983276,0.018988173454999924,1.1516995690463716e-10,2.8125154130975716e-05,1.6008629245334305e-05,0.07098672538995743,0.21816888451576233,0.040262412279844284,0.817202091217041,0.9986140727996826,0.05356549099087715,2.8529868125915527,5.448333740234375,0.6328862905502319,0.021905234083533287,0.0751243308186531,0.013564984314143658,0.012176839634776115,0.0567648708820343,0.01169492956250906,1.0,9375.0,0,0.7097063064575195,549;743;647;738,719,True,,"v4.0-K[2,6]-phiapprox",convex
10066,0.040358468890190125,8.511555279255845e-06,0.14775250852108002,0.8934164047241211,3.1898021697998047,0.043096862733364105,0.031204698607325554,,,,,,0.020010514184832573,0.06423908472061157,0.011954283341765404,1.0966122454547644e-09,2.768943704722915e-05,1.2289229744055774e-05,0.06300333887338638,0.21738675236701965,0.04223187267780304,0.7611950039863586,0.996433675289154,0.0674135684967041,2.171734094619751,4.15372371673584,0.5126903057098389,0.016976144164800644,0.07052793353796005,0.013885315507650375,0.008939756080508232,0.05440884828567505,0.012029697187244892,1.0,7676.0,0,0.7097063064575195,549;743;647;738,706,True,,"v4.0-K[2,6]-phiapprox",convex
10067,0.010332589969038963,8.384206921618897e-06,0.3994007706642151,0.8035892248153687,2.342224359512329,0.005869079381227493,0.03385172039270401,,,,,,0.00732358219102025,0.013327686116099358,0.0015533051919192076,3.412201909913648e-10,2.7709065761882812e-05,1.168823928310303e-05,0.32187122106552124,0.48452574014663696,0.04211191087961197,0.6441783308982849,0.9558188915252686,0.08182348310947418,2.0000216960906982,2.851494312286377,0.2600831091403961,8.644630611343018e-07,0.017588648945093155,0.005881580989807844,0.004642119165509939,0.06817863881587982,0.01764621026813984,1.0,9494.0,0,0.7097063064575195,549;743;647;738,716,True,,"v4.0-K[2,6]-phiapprox",convex
10071,0.04436439648270607,8.895495739125181e-06,0.19559408724308014,0.892861008644104,3.1843457221984863,0.04936472326517105,0.03900235891342163,,,,,,0.02501445636153221,0.06862416863441467,0.011695565655827522,7.896727161060824e-10,2.9283844924066216e-05,1.663723378442228e-05,0.15558025240898132,0.23736727237701416,0.020791610702872276,0.7568240165710449,0.9962269067764282,0.06920251995325089,2.016376495361328,4.254368782043457,0.6081915497779846,0.02047991007566452,0.0799856185913086,0.015393314883112907,0.01784583553671837,0.0629613921046257,0.011809381656348705,1.0,9193.0,0,0.7097063064575195,549;743;647;738,720,True,,"v4.0-K[2,6]-phiapprox",convex
10072,0.02999969758093357,8.444707418675534e-06,0.2194690704345703,0.6960012912750244,3.949488878250122,0.014570987783372402,0.02665463276207447,,,,,,0.020629415288567543,0.04096849262714386,0.005209323018789291,7.155773369682539e-13,2.776223118416965e-05,1.192116269521648e-05,0.17878994345664978,0.26054757833480835,0.022284647449851036,0.5316655039787292,0.8467121124267578,0.08180487155914307,2.364090919494629,5.226571083068848,0.754199743270874,3.2233460842689965e-06,0.03292372450232506,0.009760824963450432,0.007002172991633415,0.048415832221508026,0.011146602220833302,1.0,7804.0,0,0.7097063064575195,549;743;647;738,718,True,,"v4.0-K[2,6]-phiapprox",convex
10073,0.0299570020288229,8.667168913234491e-06,0.2196570485830307,0.6966708302497864,3.9276504516601562,0.014446078799664974,0.026462310925126076,,,,,,0.020574120804667473,0.040495604276657104,0.005185720045119524,1.9502363612922125e-10,2.7605716240941547e-05,1.608800084795803e-05,0.1795477271080017,0.2610381245613098,0.02084246650338173,0.5308576226234436,0.8572759032249451,0.08268320560455322,2.3090262413024902,5.229673862457275,0.7574829459190369,8.90298997546779e-06,0.03278803080320358,0.009778433479368687,0.006180738564580679,0.04746842011809349,0.011080080643296242,1.0,7725.0,0,0.7097063064575195,549;743;647;738,718,True,,"v4.0-K[2,6]-phiapprox",convex
10074,0.02639700658619404,8.481874829158187e-06,0.12528909742832184,0.6935063600540161,3.537337064743042,0.08442679792642593,0.05116765946149826,,,,,,0.015520804561674595,0.03905661031603813,0.0062596434727311134,4.304449852110537e-10,2.7960504667134956e-05,1.2928277101309504e-05,0.061780452728271484,0.19161424040794373,0.03349127620458603,0.5022975206375122,0.8974460363388062,0.10093498975038528,2.000074863433838,4.937296390533447,0.8495639562606812,0.045555707067251205,0.12635758519172668,0.020731383934617043,0.016768643632531166,0.08951729536056519,0.019327443093061447,1.0,7590.0,0,0.7097063064575195,549;743;647;738,717,True,,"v4.0-K[2,6]-phiapprox",convex
10075,0.03246627748012543,8.560226888221223e-06,0.20687353610992432,0.7600285410881042,3.0460448265075684,0.009194985963404179,0.08232180774211884,,,,,,0.01639644056558609,0.05160464718937874,0.00960028450936079,2.122342857013848e-10,2.806994234560989e-05,1.2470724868762773e-05,0.1593775749206543,0.25710219144821167,0.025061745196580887,0.5592708587646484,0.9545937776565552,0.10291813313961029,2.002781629562378,4.035525321960449,0.5369715094566345,4.43772887592786e-06,0.025369582697749138,0.008100715465843678,0.04069611430168152,0.12551939487457275,0.02190028689801693,1.0,8298.0,0,0.7097063064575195,549;743;647;738,717,True,,"v4.0-K[2,6]-phiapprox",convex
10076,0.018078597262501717,8.4630546552944e-06,0.3128584921360016,0.8877096176147461,2.354015350341797,0.11176115274429321,0.020959140732884407,,,,,,0.012631076388061047,0.02322055958211422,0.002706459490582347,2.5393990295968782e-12,2.8004340492771007e-05,1.2687194612226449e-05,0.2516198754310608,0.3782397508621216,0.03279724344611168,0.7498080730438232,0.999549150466919,0.07179014384746552,2.000005006790161,2.8761026859283447,0.2685001790523529,0.06374908983707428,0.16102486848831177,0.0247673150151968,0.0037439423613250256,0.04120977222919464,0.01030372828245163,1.0,9361.0,0,0.7097063064575195,549;743;647;738,710,True,,"v4.0-K[2,6]-phiapprox",convex
10077,0.026159537956118584,8.4857292677043e-06,0.1422882378101349,0.7533678412437439,3.3987767696380615,0.008853740990161896,0.04836522415280342,,,,,,0.015006991103291512,0.03882041200995445,0.0063757640309631824,1.7566302579208326e-10,2.795301770674996e-05,1.2071923265466467e-05,0.06456565856933594,0.2109060287475586,0.03805885091423988,0.569697380065918,0.9308244585990906,0.09322702139616013,2.0057883262634277,4.755539894104004,0.7604038119316101,1.2509754924394656e-05,0.023732993751764297,0.00737047428265214,0.0136164715513587,0.08384913206100464,0.018399078398942947,1.0,8064.0,0,0.7097063064575195,549;743;647;738,719,True,,"v4.0-K[2,6]-phiapprox",convex
10078,0.027426106855273247,8.556267857784405e-06,0.1543862670660019,0.7668417692184448,3.0237655639648438,0.02809649519622326,0.04799444600939751,,,,,,0.016174981370568275,0.04190920293331146,0.00702437199652195,1.2327092124841954e-10,2.8310558263910934e-05,1.3113660315866582e-05,0.06582659482955933,0.2289903461933136,0.04194951429963112,0.5831471085548401,0.9288856387138367,0.09170400351285934,2.000673294067383,4.082332611083984,0.5880746245384216,0.00039848507731221616,0.05279340595006943,0.01407355535775423,0.01151113212108612,0.08468294143676758,0.01951085403561592,1.0,6897.0,0,0.7097063064575195,549;743;647;738,719,True,,"v4.0-K[2,6]-phiapprox",convex
10079,0.030291980132460594,8.551071005058475e-06,0.16320981085300446,0.9194876551628113,2.6227529048919678,0.011813303455710411,0.0331779420375824,,,,,,0.018308084458112717,0.04279942438006401,0.006445030216127634,1.3258556752493433e-10,2.784684329526499e-05,1.3647284504259005e-05,0.07141812145709991,0.25836047530174255,0.047180552035570145,0.8014076948165894,0.9992638826370239,0.06169845536351204,2.006641149520874,3.188535213470459,0.3420378863811493,7.559959840364172e-07,0.029241343960165977,0.009148583747446537,0.012096744030714035,0.056739434599876404,0.011734066531062126,1.0,7797.0,0,0.7097063064575195,549;743;647;738,719,True,,"v4.0-K[2,6]-phiapprox",convex
10081,0.02820552885532379,8.651157259009778e-06,0.2706032991409302,0.7304480671882629,3.108546495437622,0.0026498993393033743,0.02235407941043377,,,,,,0.020661693066358566,0.03673774003982544,0.00413917051628232,1.7684304021159392e-10,2.8530750569188967e-05,1.2900853107566945e-05,0.2341911792755127,0.30965134501457214,0.019191637635231018,0.5683417916297913,0.8799333572387695,0.08206689357757568,2.312286615371704,3.952366352081299,0.40413111448287964,7.049398504932469e-07,0.007648013532161713,0.0025638334918767214,0.005959444213658571,0.04104885458946228,0.00961845088750124,1.0,9291.0,0,0.7097063064575195,549;743;647;738,716,True,,"v4.0-K[2,6]-phiapprox",convex
10083,0.03375843167304993,8.652417818666436e-06,0.28730133175849915,0.5314440727233887,2.7137012481689453,0.01152038760483265,0.04581883177161217,,,,,,0.022186018526554108,0.04542281851172447,0.006056984420865774,7.486707087611677e-11,2.8058551833964884e-05,1.366469314234564e-05,0.1990107297897339,0.3848608136177063,0.047251783311367035,0.32415294647216797,0.7586543560028076,0.11288145929574966,2.0000195503234863,3.897902011871338,0.5936292409896851,1.3866557537767221e-06,0.031005050987005234,0.009912070818245411,0.0164587814360857,0.07839885354042053,0.016381114721298218,1.0,8244.0,0,0.7097063064575195,549;743;647;738,703,True,,"v4.0-K[2,6]-phiapprox",convex
10084,0.04530632868409157,8.469119165965822e-06,0.09591574221849442,0.9472667574882507,5.359238147735596,0.03834189474582672,0.03987351059913635,,,,,,0.01172683760523796,0.08691829442977905,0.020437361672520638,3.170783080541639e-11,2.8235066565684974e-05,1.2707329005934298e-05,0.04250876232981682,0.15023240447044373,0.028157053515315056,0.8747625350952148,0.9998649954795837,0.0374847911298275,4.6083598136901855,5.95505428314209,0.3930070102214813,0.013026776723563671,0.06610724329948425,0.013810113072395325,0.020394694060087204,0.060943737626075745,0.010534284636378288,1.0,9201.0,0,0.7097063064575195,549;743;647;738,717,True,,"v4.0-K[2,6]-phiapprox",convex
10086,0.025511760264635086,8.484917998430319e-06,0.212858647108078,0.3021242618560791,2.487156867980957,0.6783193349838257,0.07313285768032074,,,,,,0.0138927036896348,0.038690973073244095,0.0064756800420582294,2.028835432987819e-10,2.7646599846775644e-05,1.5311336028389633e-05,0.0669689029455185,0.39976972341537476,0.08851804584264755,0.08869320154190063,0.5282236337661743,0.11566215753555298,2.000126600265503,3.6312198638916016,0.5307909846305847,0.6205421686172485,0.7379162311553955,0.03031512163579464,0.017877256497740746,0.13659286499023438,0.032306600362062454,1.0,9016.0,0,0.7097063064575195,549;743;647;738,630,True,,"v4.0-K[2,6]-phiapprox",convex
10087,0.0287949126213789,8.537739631719887e-06,0.17254582047462463,0.8873866200447083,3.407912492752075,0.046843335032463074,0.03601539134979248,,,,,,0.015250373631715775,0.04224085062742233,0.007058927323669195,6.591771573027927e-10,2.7659485567710362e-05,1.2198564945720136e-05,0.11026212573051453,0.22854191064834595,0.03112085722386837,0.7656269073486328,0.9978281855583191,0.06558867543935776,2.222296953201294,4.61169958114624,0.6457244753837585,0.017251376062631607,0.07801924645900726,0.015539749525487423,0.013040469028055668,0.061046428978443146,0.012699753046035767,1.0,8479.0,0,0.7097063064575195,549;743;647;738,714,True,,"v4.0-K[2,6]-phiapprox",convex
10088,0.03795965760946274,8.886947398423217e-06,0.1430690437555313,0.9212673306465149,3.705270290374756,0.05277713015675545,0.01621699333190918,,,,,,0.02353139966726303,0.054619401693344116,0.008110329508781433,7.545709612699625e-10,2.8553306037792936e-05,2.7442903956398368e-05,0.06815380603075027,0.2069413959980011,0.03727996349334717,0.8165470361709595,0.9991214275360107,0.053930360823869705,2.563796043395996,4.796646595001221,0.5863736271858215,0.02112513780593872,0.08444494009017944,0.01627158559858799,0.004285447299480438,0.03035696968436241,0.0069733173586428165,1.0,7827.0,0,0.7097063064575195,549;743;647;738,720,True,,"v4.0-K[2,6]-phiapprox",convex
10089,0.023114502429962158,8.602414709457662e-06,0.22936616837978363,0.8618857860565186,2.882580280303955,0.004198222886770964,0.026562221348285675,,,,,,0.017201825976371765,0.030158214271068573,0.003309193765744567,8.67181326746902e-11,2.7722544473363087e-05,1.4775781892240047e-05,0.191249817609787,0.26772361993789673,0.01993720792233944,0.7217576503753662,0.9855087399482727,0.0724625289440155,2.1504757404327393,3.4995546340942383,0.33044999837875366,1.5414926792800543e-06,0.013139515183866024,0.00442042900249362,0.009223469533026218,0.046554841101169586,0.00999014638364315,1.0,8742.0,0,0.7097063064575195,549;743;647;738,716,True,,"v4.0-K[2,6]-phiapprox",convex
10092,0.04520014300942421,8.629608601040673e-06,0.1882089525461197,0.8499265313148499,3.0151238441467285,0.023179372772574425,0.05260155349969864,,,,,,0.026506315916776657,0.0670425295829773,0.01062080916017294,2.622315420364174e-10,2.7781718017649837e-05,1.3900486919737887e-05,0.1401022970676422,0.2367095947265625,0.024915052577853203,0.6816951036453247,0.9940957427024841,0.08865167945623398,2.0106194019317627,4.011955261230469,0.5494069457054138,2.0163663066341542e-05,0.045317988842725754,0.012506027705967426,0.02720700018107891,0.08188307285308838,0.014360541477799416,1.0,7521.0,0,0.7097063064575195,549;743;647;738,714,True,,"v4.0-K[2,6]-phiapprox",convex
10093,0.02234780043363571,8.79323579283664e-06,0.36557066440582275,0.8034205436706543,2.372946262359619,0.06376180797815323,0.03663593903183937,,,,,,0.01453462801873684,0.029765594750642776,0.003935909830033779,2.5464383379691924e-10,2.9035812985966913e-05,1.3400904208538122e-05,0.2545030117034912,0.4596695005893707,0.053009726107120514,0.6085309982299805,0.9846803545951843,0.10267742723226547,2.0001938343048096,3.045217752456665,0.3314612805843353,0.022292064502835274,0.10475432872772217,0.021007245406508446,0.008308076299726963,0.07163278758525848,0.017205867916345596,1.0,8550.0,0,0.7097063064575195,549;743;647;738,712,True,,"v4.0-K[2,6]-phiapprox",convex
10094,0.01259626541286707,8.372884622076526e-06,0.2922157645225525,0.7606435418128967,2.650545358657837,0.006049271672964096,0.06953366100788116,,,,,,0.00574436504393816,0.02210044488310814,0.004556023981422186,1.0188933030619296e-10,2.7785354177467525e-05,1.1471193829493131e-05,0.10999837517738342,0.402871310710907,0.08253020793199539,0.5864805579185486,0.918136477470398,0.08512585610151291,2.000072956085205,3.283609390258789,0.3727935552597046,2.7643015982903307e-06,0.01919248141348362,0.006401526276022196,0.009389919228851795,0.14696595072746277,0.0385420098900795,1.0,2764.0,0,0.7097063064575195,549;743;647;738,709,True,,"v4.0-K[2,6]-phiapprox",convex
10095,0.04475320503115654,8.591046935180202e-06,0.397134393453598,0.7504351735115051,2.760801315307617,0.003071489045396447,0.042774952948093414,,,,,,0.028477853164076805,0.06162993982434273,0.008783899247646332,2.5994742469670484e-10,2.8502299755928107e-05,1.2704574146482628e-05,0.3355713188648224,0.4609873592853546,0.032174959778785706,0.5429217219352722,0.9396191835403442,0.10599666833877563,2.0002729892730713,3.7112722396850586,0.5132429003715515,1.0622635500112665e-06,0.009652364999055862,0.003249718574807048,0.016780415549874306,0.07226058840751648,0.014524987898766994,1.0,8949.0,0,0.7097063064575195,549;743;647;738,712,True,,"v4.0-K[2,6]-phiapprox",convex
10097,0.019937263801693916,8.505326150043402e-06,0.3126099109649658,0.876602053642273,2.2439870834350586,0.003989806864410639,0.04383484646677971,,,,,,0.01425785943865776,0.026241904124617577,0.0031191904563456774,2.9628671044390487e-11,2.7562480681808665e-05,1.3664680409419816e-05,0.24876517057418823,0.37618693709373474,0.03240078315138817,0.7285123467445374,0.9970019459724426,0.07707039266824722,2.0000271797180176,2.667412757873535,0.22431734204292297,1.4404450610072672e-07,0.011663953773677349,0.003851032815873623,0.014581452123820782,0.0755288302898407,0.016289282590150833,1.0,9185.0,0,0.7097063064575195,549;743;647;738,717,True,,"v4.0-K[2,6]-phiapprox",convex
10098,0.028998658061027527,8.615499609732069e-06,0.18583063781261444,0.8426492214202881,2.9345593452453613,0.005662321113049984,0.04300374910235405,,,,,,0.016768082976341248,0.04330204427242279,0.007090702187269926,4.930331143349065e-11,2.8542153813759796e-05,1.3453199244395364e-05,0.10695600509643555,0.2669728100299835,0.040940213948488235,0.6827747821807861,0.9909544587135315,0.08535663038492203,2.003894567489624,3.883545398712158,0.5323317646980286,2.8283448045840487e-06,0.01648201048374176,0.005306740291416645,0.015604337677359581,0.07268564403057098,0.014938268810510635,1.0,8589.0,0,0.7097063064575195,549;743;647;738,712,True,,"v4.0-K[2,6]-phiapprox",convex
10099,0.03295401856303215,8.347557923116256e-06,0.2164348065853119,0.7810629606246948,2.3474652767181396,0.01232993695884943,0.05376667156815529,,,,,,0.022711852565407753,0.04333391785621643,0.005315307527780533,5.116164436547166e-11,2.739135015872307e-05,1.140871063398663e-05,0.15024864673614502,0.28212302923202515,0.03394472226500511,0.5549497008323669,0.9863170385360718,0.11900267004966736,2.0000014305114746,3.0090746879577637,0.3341512978076935,7.153957426453417e-07,0.02994077280163765,0.00918177142739296,0.022825386375188828,0.08450374007225037,0.016241157427430153,1.0,8556.0,0,0.7097063064575195,549;743;647;738,714,True,,"v4.0-K[2,6]-phiapprox",convex
10101,0.051717888563871384,8.596532097726595e-06,0.17306102812290192,0.9095655083656311,2.762418508529663,0.06516421586275101,0.045561376959085464,,,,,,0.03060457482933998,0.07684904336929321,0.012130162678658962,3.8330988383350473e-10,2.9054408514639363e-05,1.2555696230265312e-05,0.11362999677658081,0.22854039072990417,0.028995059430599213,0.7868880033493042,0.9994919300079346,0.06356159597635269,2.0004723072052,3.51572322845459,0.4306882619857788,0.03201821818947792,0.10194256901741028,0.0178080927580595,0.022125212475657463,0.0697612464427948,0.01249622367322445,1.0,7798.0,0,0.7097063064575195,549;743;647;738,715,True,,"v4.0-K[2,6]-phiapprox",convex
10102,0.02021758258342743,8.32036676001735e-06,0.14612571895122528,0.6149945259094238,2.612771511077881,0.017673972994089127,0.05234465375542641,,,,,,0.015082783997058868,0.026366084814071655,0.0029119071550667286,1.1829532908791407e-09,2.7666756068356335e-05,1.143340068665566e-05,0.0537719652056694,0.23817437887191772,0.04949328675866127,0.39598625898361206,0.8293988108634949,0.10995630919933319,2.0003271102905273,3.4157209396362305,0.4391016960144043,5.177511411602609e-06,0.03980331867933273,0.011839581653475761,0.013856137171387672,0.09395655989646912,0.02134440839290619,1.0,8036.0,0,0.7097063064575195,549;743;647;738,716,True,,"v4.0-K[2,6]-phiapprox",convex
10103,0.04491020366549492,8.615291335445363e-06,0.10617706179618835,0.9183951616287231,5.155270576477051,0.03965010121464729,0.04461317136883736,,,,,,0.010051299817860126,0.08930423855781555,0.022816069424152374,3.1040586767616674e-10,2.790330836432986e-05,1.3522205335902981e-05,0.047076620161533356,0.1645858883857727,0.030317751690745354,0.8255555629730225,0.9960010051727295,0.04838764667510986,4.271225929260254,5.950191020965576,0.4646109342575073,0.014253968372941017,0.06676037609577179,0.0136688482016325,0.021770400926470757,0.06947506964206696,0.012324638664722443,1.0,9081.0,0,0.7097063064575195,549;743;647;738,719,True,,"v4.0-K[2,6]-phiapprox",convex
10104,0.01738465204834938,8.341669854416978e-06,0.27685925364494324,0.7491232752799988,2.4407060146331787,0.04274841398000717,0.0945853739976883,,,,,,0.008090061135590076,0.02995162270963192,0.006290953606367111,5.579905981711875e-10,2.7260171918896958e-05,1.2029136087221559e-05,0.07592238485813141,0.3973960280418396,0.08060484379529953,0.5400641560554504,0.9626064300537109,0.11055529862642288,2.000051736831665,3.114893913269043,0.35038113594055176,0.00032252975506708026,0.08052104711532593,0.0215957872569561,0.01957550272345543,0.17666444182395935,0.04299964755773544,1.0,3580.0,0,0.7097063064575195,549;743;647;738,715,True,,"v4.0-K[2,6]-phiapprox",convex
10106,0.027296070009469986,8.528026228304952e-06,0.2740855813026428,0.75909423828125,2.517686128616333,0.024930354207754135,0.05831058323383331,,,,,,0.013285495340824127,0.0441037118434906,0.008626583963632584,6.419966780413233e-10,2.7715876058209687e-05,1.4123424989520572e-05,0.1571667492389679,0.4245034158229828,0.06748279184103012,0.5270689129829407,0.9761661887168884,0.12185268849134445,2.000227451324463,3.2083933353424072,0.3802846074104309,2.3359276383416727e-05,0.054166268557310104,0.01585635170340538,0.017143351957201958,0.10336002707481384,0.022822804749011993,1.0,6609.0,0,0.7097063064575195,549;743;647;738,719,True,,"v4.0-K[2,6]-phiapprox",convex
10107,0.021559616550803185,8.357458682439756e-06,0.17485348880290985,0.8758788704872131,2.8189477920532227,0.015131333842873573,0.042280394583940506,,,,,,0.014421727508306503,0.029999325051903725,0.004099409095942974,7.667062124072643e-11,2.7743848477257416e-05,1.129664269683417e-05,0.0682196244597435,0.26595962047576904,0.056848011910915375,0.7499288320541382,0.9912567138671875,0.06699659675359726,2.071397542953491,3.5256235599517822,0.3773036301136017,1.176711862171942e-06,0.0370161235332489,0.011298631317913532,0.014795410446822643,0.0745994970202446,0.01573391817510128,1.0,6937.0,0,0.7097063064575195,549;743;647;738,714,True,,"v4.0-K[2,6]-phiapprox",convex
10109,0.02439039573073387,8.578298547945451e-06,0.21243999898433685,0.915155291557312,3.09934139251709,0.028716979548335075,0.03194836527109146,,,,,,0.01624974235892296,0.03337614983320236,0.004431465175002813,1.2704789997819432e-10,2.8000251404591836e-05,1.2933824109495617e-05,0.16591408848762512,0.25172731280326843,0.02198268286883831,0.8123676180839539,0.9952664971351624,0.052489474415779114,2.4738454818725586,3.853531837463379,0.33675238490104675,0.0044673434458673,0.054633110761642456,0.013140269555151463,0.009134529158473015,0.056160956621170044,0.012502538971602917,1.0,9092.0,0,0.7097063064575195,549;743;647;738,719,True,,"v4.0-K[2,6]-phiapprox",convex
10110,0.024397019296884537,8.436354619334452e-06,0.21224915981292725,0.915565550327301,3.089287519454956,0.028290968388319016,0.031699128448963165,,,,,,0.01632934808731079,0.033205803483724594,0.004394396208226681,3.5531466657801047e-10,2.7568143195821904e-05,1.2578511814353988e-05,0.16959398984909058,0.2568299174308777,0.022560784593224525,0.8175922632217407,0.9973207712173462,0.05251791328191757,2.4303369522094727,3.8280882835388184,0.3378744423389435,0.00332293170504272,0.052523721009492874,0.012844173237681389,0.009998754598200321,0.057035382837057114,0.0124365771189332,1.0,8024.0,0,0.7097063064575195,549;743;647;738,719,True,,"v4.0-K[2,6]-phiapprox",convex
10111,0.013709992170333862,8.281880582217127e-06,0.3238774538040161,0.7354744672775269,2.2768681049346924,0.00647641671821475,0.06069917231798172,,,,,,0.00963635928928852,0.018626347184181213,0.0023350436240434647,1.5175039003167967e-10,2.733139081101399e-05,1.0896536878135521e-05,0.23923540115356445,0.41026949882507324,0.0448763370513916,0.5243865251541138,0.948650598526001,0.10906890779733658,2.0000245571136475,2.800283193588257,0.2700645625591278,1.0757455584098352e-06,0.02107461728155613,0.006861310917884111,0.012273824773728848,0.11579912900924683,0.028558244928717613,1.0,9226.0,0,0.7097063064575195,549;743;647;738,713,True,,"v4.0-K[2,6]-phiapprox",convex
10112,0.021367168053984642,8.29469627205981e-06,0.3190229535102844,0.8266860246658325,2.252657413482666,0.2419610470533371,0.04425155743956566,,,,,,0.012804841622710228,0.0310137290507555,0.004814182873815298,8.564012693446088e-11,2.698769822018221e-05,1.1262944099144079e-05,0.23556241393089294,0.4065018594264984,0.04348425939679146,0.6229543685913086,0.9975302815437317,0.10781902074813843,2.0000405311584473,2.7313737869262695,0.23970799148082733,0.18437224626541138,0.30135977268218994,0.02973484806716442,0.012420209124684334,0.08128094673156738,0.018208736553788185,1.0,8790.0,0,0.7097063064575195,549;743;647;738,707,True,,"v4.0-K[2,6]-phiapprox",convex
10114,0.01748497784137726,8.348470146302134e-06,0.23380380868911743,0.7943981885910034,2.2231063842773438,0.01652444899082184,0.033943060785532,,,,,,0.01300744153559208,0.022431867197155952,0.0024270506110042334,4.1797462713155653e-10,2.7165970095666125e-05,1.2140463695686776e-05,0.16065925359725952,0.3053136467933655,0.036841683089733124,0.6011731028556824,0.9767680168151855,0.10158031433820724,2.0000483989715576,2.6603527069091797,0.2180587500333786,1.1051238288928289e-05,0.039868347346782684,0.0122947683557868,0.006865283008664846,0.06634872406721115,0.016231466084718704,1.0,9430.0,0,0.7097063064575195,549;743;647;738,709,True,,"v4.0-K[2,6]-phiapprox",convex
10115,0.056038208305835724,8.591540790803265e-06,0.1248103454709053,0.7811667323112488,2.849496603012085,0.088669553399086,0.0670899972319603,,,,,,0.027609102427959442,0.09143617749214172,0.017174599692225456,1.00966623950427e-09,2.7527072234079242e-05,1.4472912880592048e-05,0.03956861048936844,0.24181652069091797,0.05424840375781059,0.5642629861831665,0.9874449968338013,0.11663181334733963,2.000105619430542,4.351890563964844,0.7401859164237976,0.049216192215681076,0.12714573740959167,0.020128324627876282,0.036263179033994675,0.09934183955192566,0.016396503895521164,1.0,8234.0,0,0.7097063064575195,549;743;647;738,711,True,,"v4.0-K[2,6]-phiapprox",convex
10116,0.022591987624764442,8.72661894391058e-06,0.17410790920257568,0.8209385871887207,3.6440248489379883,0.02198522910475731,0.04686412215232849,,,,,,0.012670092284679413,0.03441180661320686,0.005819663405418396,8.064928933015914e-12,2.8718872272293083e-05,1.3645382750837598e-05,0.1229974627494812,0.22299259901046753,0.02531038224697113,0.6641309261322021,0.9799416065216064,0.08422373235225677,2.173163890838623,4.901996612548828,0.7471092343330383,3.646867980933166e-06,0.046807486563920975,0.013862477615475655,0.014537197537720203,0.08332771062850952,0.01834825612604618,1.0,6333.0,0,0.7097063064575195,549;743;647;738,718,True,,"v4.0-K[2,6]-phiapprox",convex
10117,0.056127097457647324,8.714342584426049e-06,0.16252166032791138,0.5915014147758484,2.7509984970092773,0.008319719694554806,0.03949833661317825,,,,,,0.03714926168322563,0.0751594677567482,0.009872930124402046,2.5264754177634074e-10,2.8833148462581448e-05,1.324487675447017e-05,0.09707462787628174,0.22550508379936218,0.032931551337242126,0.34456735849380493,0.8287209272384644,0.12489750236272812,2.000253915786743,4.234034061431885,0.7043119668960571,2.774542963379645e-06,0.021057073026895523,0.006655637640506029,0.0174531452357769,0.06075230613350868,0.011392074637115002,1.0,9255.0,0,0.7097063064575195,549;743;647;738,715,True,,"v4.0-K[2,6]-phiapprox",convex
10120,0.013178941793739796,8.405269909417257e-06,0.11042073369026184,0.9499564170837402,3.599876880645752,0.04936499148607254,0.032898131757974625,,,,,,0.007029150612652302,0.02013300731778145,0.0034447135403752327,2.9328383471805e-11,2.788938036246691e-05,1.4392073353519663e-05,0.05267152562737465,0.17871886491775513,0.032746970653533936,0.887731671333313,0.9991820454597473,0.032829660922288895,2.874469518661499,4.35551643371582,0.39229846000671387,0.012152428738772869,0.08597028255462646,0.01898970827460289,0.0088227903470397,0.06056937202811241,0.013855320401489735,1.0,8565.0,0,0.7097063064575195,549;743;647;738,715,True,,"v4.0-K[2,6]-phiapprox",convex
10121,0.020971637219190598,8.429296940448694e-06,0.3204205334186554,0.7611334919929504,2.3651187419891357,0.007626871112734079,0.0754324197769165,,,,,,0.01261194609105587,0.03079640120267868,0.004936736077070236,8.893762115658177e-11,2.720674456213601e-05,1.3976679838378914e-05,0.245468407869339,0.3932740092277527,0.03789804130792618,0.5522507429122925,0.9551580548286438,0.10645000636577606,2.0000314712524414,2.9753355979919434,0.3114504814147949,2.9125396849849494e-07,0.023417135700583458,0.007906241342425346,0.024417832493782043,0.12860697507858276,0.027609745040535927,1.0,9708.0,0,0.7097063064575195,549;743;647;738,711,True,,"v4.0-K[2,6]-phiapprox",convex
10125,0.0251406729221344,8.64838239067467e-06,0.3153683543205261,0.6383038759231567,2.698803663253784,0.008340329863131046,0.03695782646536827,,,,,,0.017331423237919807,0.033496275544166565,0.004244956187903881,1.270883537296541e-10,2.7712412702385336e-05,1.3606385437014978e-05,0.24511533975601196,0.38742753863334656,0.03683389723300934,0.42325058579444885,0.8462581634521484,0.10933833569288254,2.0011165142059326,3.5668091773986816,0.47857967019081116,4.4003086259181146e-06,0.023021211847662926,0.007319232914596796,0.007983577437698841,0.07146171480417252,0.017353471368551254,1.0,8418.0,0,0.7097063064575195,549;743;647;738,717,True,,"v4.0-K[2,6]-phiapprox",convex
10126,0.047138817608356476,8.842109309625812e-06,0.16109268367290497,0.9140658974647522,4.1439032554626465,0.031545355916023254,0.04086019843816757,,,,,,0.017465652897953987,0.0811021625995636,0.016716688871383667,3.6513576884278365e-11,2.9101000109221786e-05,1.411626726621762e-05,0.09005534648895264,0.21888360381126404,0.03387366235256195,0.8064404726028442,0.9988709092140198,0.05653977394104004,2.9209985733032227,5.505654335021973,0.6499172449111938,0.006940252613276243,0.058366719633340836,0.01335952989757061,0.018260683864355087,0.06614046543836594,0.012417813763022423,1.0,5565.0,0,0.7097063064575195,549;743;647;738,719,True,,"v4.0-K[2,6]-phiapprox",convex
10128,0.04461110383272171,8.379081009479705e-06,0.2381781041622162,0.4609749913215637,2.505969285964966,0.012405786663293839,0.12560181319713593,,,,,,0.014726903289556503,0.07811315357685089,0.018055960536003113,1.1609754269059636e-09,2.793276507873088e-05,1.1178762179042678e-05,0.09648576378822327,0.370238721370697,0.07157809287309647,0.19176703691482544,0.7375569343566895,0.14130845665931702,2.000044107437134,3.6293654441833496,0.529671847820282,6.041327196726343e-06,0.03181885555386543,0.010074983350932598,0.04802277311682701,0.19743400812149048,0.03830450400710106,1.0,6257.0,0,0.7097063064575195,549;743;647;738,705,True,,"v4.0-K[2,6]-phiapprox",convex
10130,0.011650131084024906,8.4294542830321e-06,0.21984156966209412,0.6183582544326782,2.2787420749664307,0.0034483897034078836,0.05238776281476021,,,,,,0.008148114196956158,0.015160832554101944,0.0017763031646609306,1.7500886295707119e-09,2.7588796001509763e-05,1.2790786058758385e-05,0.10850280523300171,0.34185725450515747,0.05937784165143967,0.4228008985519409,0.8069373369216919,0.09885915368795395,2.000013828277588,2.7854466438293457,0.2487875074148178,7.876790846239601e-07,0.010559082962572575,0.003583129495382309,0.00764094153419137,0.10712555050849915,0.027888603508472443,1.0,9460.0,0,0.7097063064575195,549;743;647;738,713,True,,"v4.0-K[2,6]-phiapprox",convex
10135,0.032427623867988586,8.44348414830165e-06,0.22898028790950775,0.6725881099700928,2.584648609161377,0.04393712058663368,0.06963355839252472,,,,,,0.016470205038785934,0.04940040782094002,0.008774170652031898,3.084551017384918e-11,2.702363235584926e-05,1.3605942513095215e-05,0.06971954554319382,0.3355568051338196,0.07047203928232193,0.4219425320625305,0.9077702760696411,0.12484820932149887,2.0000109672546387,3.5278263092041016,0.4846494495868683,0.010646375827491283,0.07871106266975403,0.01764526031911373,0.028661273419857025,0.11372324824333191,0.02204018644988537,1.0,5535.0,0,0.7097063064575195,549;743;647;738,704,True,,"v4.0-K[2,6]-phiapprox",convex
10137,0.06029179319739342,8.76380545378197e-06,0.17550621926784515,0.8359720706939697,3.2053539752960205,0.0134778693318367,0.02608077973127365,,,,,,0.03452771529555321,0.08720576763153076,0.01364844385534525,3.0545835305595403e-10,2.816298365360126e-05,1.6264841178781353e-05,0.1261531114578247,0.22152528166770935,0.024903923273086548,0.6626051664352417,0.9948975443840027,0.09494958072900772,2.0015108585357666,4.586457252502441,0.7645202875137329,3.0164592317305505e-05,0.0294257290661335,0.00841042771935463,0.00979285966604948,0.043997760862112045,0.009211484342813492,1.0,7502.0,0,0.7097063064575195,549;743;647;738,718,True,,"v4.0-K[2,6]-phiapprox",convex
10140,0.03243586793541908,8.776318281888962e-06,0.1689537614583969,0.6698305606842041,2.2989401817321777,0.025905795395374298,0.0478932224214077,,,,,,0.022092744708061218,0.04455503448843956,0.005861919838935137,4.718627918953722e-11,2.8387024940457195e-05,1.531125781184528e-05,0.0907575786113739,0.24298730492591858,0.037915050983428955,0.3876053988933563,0.9391564130783081,0.14624780416488647,2.000120162963867,2.926440477371216,0.3150004744529724,4.941237421007827e-05,0.05301458016037941,0.014817091636359692,0.019866639748215675,0.08043962717056274,0.015818428248167038,1.0,8023.0,0,0.7097063064575195,549;743;647;738,715,True,,"v4.0-K[2,6]-phiapprox",convex
10141,0.02288631722331047,8.29610235086875e-06,0.22144760191440582,0.8892109394073486,2.4172115325927734,0.02160620130598545,0.054844930768013,,,,,,0.01396775059401989,0.03310937434434891,0.005125666968524456,1.639294533450908e-10,2.74733411060879e-05,1.1466982869023923e-05,0.15541622042655945,0.2845434248447418,0.03354238346219063,0.7416364550590515,0.9997941851615906,0.07651069760322571,2.0000150203704834,3.003406047821045,0.31801092624664307,5.071069608675316e-05,0.047736700624227524,0.01398422010242939,0.017476359382271767,0.09172013401985168,0.019548889249563217,1.0,8536.0,0,0.7097063064575195,549;743;647;738,716,True,,"v4.0-K[2,6]-phiapprox",convex
10142,0.033160217106342316,8.691379662195686e-06,0.19137360155582428,0.9327154755592346,3.7185006141662598,0.018833624199032784,0.03357094153761864,,,,,,0.015790970996022224,0.05478960648179054,0.01066173892468214,6.902708959977133e-11,2.8182217647554353e-05,1.5019611964817159e-05,0.11159330606460571,0.2497175633907318,0.03564666211605072,0.8377963304519653,0.9999083876609802,0.04889318346977234,2.602384567260742,4.838291168212891,0.588175356388092,0.00036344348336569965,0.03684941679239273,0.010085207410156727,0.011389565654098988,0.05667100474238396,0.011748040094971657,1.0,5487.0,0,0.7097063064575195,549;743;647;738,719,True,,"v4.0-K[2,6]-phiapprox",convex
10143,0.04183420538902283,8.482294106215704e-06,0.15287795662879944,0.8366263508796692,2.8719139099121094,0.009299974888563156,0.052351731806993484,,,,,,0.025283899158239365,0.05772523209452629,0.008524904027581215,4.840789435966997e-10,2.7834263164550066e-05,1.2760933714162093e-05,0.07974830269813538,0.21543550491333008,0.03427409008145332,0.6681746244430542,0.9903671145439148,0.08967777341604233,2.000779151916504,3.751646041870117,0.4998929500579834,1.1567188948902185e-06,0.023919610306620598,0.007576024625450373,0.02609354257583618,0.07890155911445618,0.013549888506531715,1.0,8656.0,0,0.7097063064575195,549;743;647;738,719,True,,"v4.0-K[2,6]-phiapprox",convex
10145,0.042454157024621964,8.421171514783055e-06,0.1383940428495407,0.8862149715423584,3.458549737930298,0.014463239349424839,0.08132386952638626,,,,,,0.015694037079811096,0.07110370695590973,0.01452892366796732,5.744926201423084e-10,2.779654460027814e-05,1.1703354175551794e-05,0.050749775022268295,0.2268666923046112,0.04709745943546295,0.7414306402206421,0.9983223676681519,0.07505517452955246,2.0162267684936523,4.678750991821289,0.7150583267211914,1.756632627802901e-06,0.033691491931676865,0.010120644234120846,0.04552684351801872,0.12047773599624634,0.01917041465640068,1.0,7494.0,0,0.7097063064575195,549;743;647;738,713,True,,"v4.0-K[2,6]-phiapprox",convex
10147,0.04485829919576645,8.330809578183107e-06,0.14219653606414795,0.8885074257850647,3.6371963024139404,0.011069854721426964,0.0444810576736927,,,,,,0.022720886394381523,0.06832350790500641,0.012140912003815174,4.802678810200689e-10,2.7765388949774206e-05,1.1195684237463865e-05,0.08100709319114685,0.204947829246521,0.03275473415851593,0.755111813545227,0.9976085424423218,0.07065276056528091,2.194098949432373,5.019465923309326,0.7763116359710693,9.630126442061737e-06,0.027073998004198074,0.008314099162817001,0.02118087187409401,0.0675063505768776,0.012131310999393463,1.0,8381.0,0,0.7097063064575195,549;743;647;738,716,True,,"v4.0-K[2,6]-phiapprox",convex
10148,0.011395607143640518,8.468718988297042e-06,0.2471209615468979,0.7116929888725281,2.397716999053955,0.0026599497068673372,0.06751595437526703,,,,,,0.007752247154712677,0.015698444098234177,0.0020778016187250614,2.859387171483263e-10,2.7703572413884103e-05,1.2720218364847824e-05,0.1755158007144928,0.32653185725212097,0.037919189780950546,0.5122094750404358,0.8919111490249634,0.09959319233894348,2.000005006790161,3.152350664138794,0.3597443103790283,5.5495046780151824e-08,0.009000983089208603,0.003240494057536125,0.012549946084618568,0.13501214981079102,0.03435303270816803,1.0,8953.0,0,0.7097063064575195,549;743;647;738,705,True,,"v4.0-K[2,6]-phiapprox",convex
10149,0.017428748309612274,8.48426680022385e-06,0.3332451283931732,0.7439465522766113,2.4044249057769775,0.006070098839700222,0.040341638028621674,,,,,,0.012537967413663864,0.022334570065140724,0.0025143632665276527,5.4449899450359496e-11,2.7546391720534302e-05,1.3743153431278188e-05,0.26885196566581726,0.39902564883232117,0.03323836624622345,0.5379679799079895,0.9277872443199158,0.10136093944311142,2.000005006790161,3.093154191970825,0.3455975651741028,1.8074888430419378e-06,0.018283570185303688,0.0059587606228888035,0.009665032848715782,0.07661812007427216,0.018154893070459366,1.0,8558.0,0,0.7097063064575195,549;743;647;738,713,True,,"v4.0-K[2,6]-phiapprox",convex
10150,0.03846357762813568,8.52221273817122e-06,0.15193487703800201,0.760330080986023,2.4298629760742188,0.054571352899074554,0.04188082739710808,,,,,,0.021596286445856094,0.0569191500544548,0.009667204692959785,3.1313512893760276e-10,2.7864878575201146e-05,1.3480028428602964e-05,0.0640673115849495,0.24158975481987,0.04748489335179329,0.5324199795722961,0.9697637557983398,0.11892088502645493,2.0001158714294434,3.1401777267456055,0.36566439270973206,0.02046520821750164,0.08997043967247009,0.017928021028637886,0.015768244862556458,0.06922155618667603,0.01392858475446701,1.0,9242.0,0,0.7097063064575195,549;743;647;738,715,True,,"v4.0-K[2,6]-phiapprox",convex
10151,0.02511453442275524,8.64035973791033e-06,0.2223573625087738,0.8093876838684082,3.505790948867798,0.029723644256591797,0.03077641874551773,,,,,,0.014954138547182083,0.036886733025312424,0.006011298857629299,7.96631871580189e-10,2.7933663659496233e-05,1.4711190488014836e-05,0.17153778672218323,0.2669227719306946,0.024328438565135002,0.65318763256073,0.9818270206451416,0.08865036815404892,2.0006585121154785,5.016963005065918,0.9574218392372131,0.0002206431672675535,0.059589192271232605,0.016499748453497887,0.006410147063434124,0.057421229779720306,0.01361551508307457,1.0,3248.0,0,0.7097063064575195,549;743;647;738,717,True,,"v4.0-K[2,6]-phiapprox",convex
10152,0.027528516948223114,8.468665328109637e-06,0.20020362734794617,0.690800666809082,2.4828624725341797,0.03210899606347084,0.0373227521777153,,,,,,0.020101020112633705,0.03620386868715286,0.004186158534139395,1.0534609296009023e-10,2.697525815165136e-05,1.491212606197223e-05,0.10757523775100708,0.2765899896621704,0.041437048465013504,0.4669934809207916,0.9169291853904724,0.11758439242839813,2.000018358230591,3.263782262802124,0.40757542848587036,0.0017698184819892049,0.060067981481552124,0.015168217942118645,0.010751021094620228,0.06679846346378326,0.015146085061132908,1.0,5692.0,0,0.7097063064575195,549;743;647;738,719,True,,"v4.0-K[2,6]-phiapprox",convex
10154,0.05160903185606003,8.416288437729236e-06,0.20386116206645966,0.6921830773353577,2.33974552154541,0.011284398846328259,0.04412441700696945,,,,,,0.03386114165186882,0.07050718367099762,0.009631629101932049,9.324274685695855e-10,2.7377567676012404e-05,1.2709724614978768e-05,0.07206623256206512,0.3259125351905823,0.06612873822450638,0.43495073914527893,0.9441342353820801,0.1347220242023468,2.000023603439331,2.9933719635009766,0.3329355716705322,2.0232189854141325e-05,0.027967307716608047,0.008619253523647785,0.01676243729889393,0.07090715318918228,0.014004353433847427,1.0,7551.0,0,0.7097063064575195,549;743;647;738,717,True,,"v4.0-K[2,6]-phiapprox",convex
10155,0.03252575546503067,8.593878192186821e-06,0.2426576465368271,0.6649124622344971,3.18731689453125,0.007169278338551521,0.08760114014148712,,,,,,0.015480870380997658,0.05148574337363243,0.009625031612813473,1.8211293584258215e-11,2.8514810765045695e-05,1.2813101420761086e-05,0.188117116689682,0.2990778684616089,0.02742817997932434,0.4740210473537445,0.8596094846725464,0.09892737120389938,2.000058650970459,4.700687408447266,0.7981564402580261,7.132618407013069e-07,0.022460879758000374,0.007703857030719519,0.038864415138959885,0.14085006713867188,0.025939496234059334,1.0,7150.0,0,0.7097063064575195,549;743;647;738,713,True,,"v4.0-K[2,6]-phiapprox",convex
10156,0.03902944177389145,8.478604286210611e-06,0.12805034220218658,0.8238064050674438,3.2182304859161377,0.00879662111401558,0.05773327499628067,,,,,,0.020924072712659836,0.05950815603137016,0.010117565281689167,8.115097482885858e-11,2.7619278625934385e-05,1.3103635865263641e-05,0.05087965354323387,0.2045295536518097,0.04074229300022125,0.6398726105690002,0.9679296612739563,0.08777634054422379,2.0047547817230225,4.351200103759766,0.6416944861412048,6.0223464970476925e-06,0.02379857935011387,0.007453501224517822,0.030566100031137466,0.08953326940536499,0.014930468052625656,1.0,8777.0,0,0.7097063064575195,549;743;647;738,712,True,,"v4.0-K[2,6]-phiapprox",convex
10157,0.020342007279396057,8.35392165754456e-06,0.21254180371761322,0.9012321829795837,3.0420401096343994,0.023288313299417496,0.035523172467947006,,,,,,0.013300151564180851,0.028287248685956,0.003913553431630135,5.408498648939997e-10,2.7310490622767247e-05,1.1903583072125912e-05,0.16957393288612366,0.2598850131034851,0.023017095401883125,0.7912997603416443,0.9976906776428223,0.05704589933156967,2.2559621334075928,3.8751072883605957,0.41006800532341003,2.3536760636488907e-05,0.04664318263530731,0.01296412106603384,0.009260937571525574,0.0623241662979126,0.014187847264111042,1.0,8008.0,0,0.7097063064575195,549;743;647;738,719,True,,"v4.0-K[2,6]-phiapprox",convex
10158,0.06071801483631134,8.528662874596193e-06,0.12844449281692505,0.6954823136329651,3.4980835914611816,0.03152841702103615,0.023520199581980705,,,,,,0.03709813579916954,0.08575528860092163,0.012395933270454407,1.2684336914148275e-10,2.8479151296778582e-05,1.1836789781227708e-05,0.05744310840964317,0.2041182816028595,0.0380970798432827,0.47687530517578125,0.9121971130371094,0.1128309965133667,2.002204656600952,5.1025543212890625,0.9684674739837646,0.007924668490886688,0.056218840181827545,0.012679306790232658,0.0085584232583642,0.03946805000305176,0.008303957059979439,1.0,7336.0,0,0.7097063064575195,549;743;647;738,716,True,,"v4.0-K[2,6]-phiapprox",convex
10159,0.0313473604619503,8.87542228156235e-06,0.16497108340263367,0.8868042230606079,3.2574243545532227,0.02875826694071293,0.038913749158382416,,,,,,0.01773929037153721,0.0461718887090683,0.007652743253856897,2.986261793402889e-10,2.8967360776732676e-05,1.4494839888357092e-05,0.08626720309257507,0.23401349782943726,0.040595345199108124,0.758872389793396,0.99747633934021,0.06835077702999115,2.2601871490478516,4.249743938446045,0.5094820857048035,0.0031534447334706783,0.05363594740629196,0.013213199563324451,0.012842142023146152,0.0651416927576065,0.013843121007084846,1.0,6616.0,0,0.7097063064575195,549;743;647;738,716,True,,"v4.0-K[2,6]-phiapprox",convex
10160,0.023610740900039673,8.54078280099202e-06,0.254492849111557,0.6914173364639282,2.390321969985962,0.014491141773760319,0.03380238637328148,,,,,,0.016997765749692917,0.031008610501885414,0.0037210050504654646,1.752393785636741e-10,2.7901260182261467e-05,1.2205146049382165e-05,0.15969961881637573,0.3347919285297394,0.0441129244863987,0.479537695646286,0.8902641534805298,0.10801827907562256,2.000063419342041,3.1295948028564453,0.3648837208747864,5.355166194931371e-06,0.033809464424848557,0.010230856016278267,0.008674541488289833,0.06334543973207474,0.014730947092175484,1.0,8778.0,0,0.7097063064575195,549;743;647;738,717,True,,"v4.0-K[2,6]-phiapprox",convex
10162,0.04153957590460777,8.519875336787663e-06,0.19974905252456665,0.9032151103019714,3.0761420726776123,0.01827797293663025,0.06710413843393326,,,,,,0.015289854258298874,0.06959757208824158,0.014739371836185455,1.0668201738672778e-10,2.7632546334643848e-05,1.4776220268686302e-05,0.13205674290657043,0.2591547966003418,0.03243127465248108,0.7707353830337524,0.9976771473884583,0.06657563149929047,2.0726284980773926,4.080642223358154,0.5361737608909607,1.6753445379436016e-05,0.039543040096759796,0.011557284742593765,0.03382202982902527,0.1032467782497406,0.01784670725464821,1.0,8609.0,0,0.7097063064575195,549;743;647;738,714,True,,"v4.0-K[2,6]-phiapprox",convex
10163,0.033398520201444626,8.522098141838796e-06,0.31413328647613525,0.8087542653083801,2.517132520675659,0.003974401392042637,0.10605591535568237,,,,,,0.012284459546208382,0.05745368450880051,0.012593753635883331,3.480217503071259e-10,2.741673233686015e-05,1.2757758668158203e-05,0.2321542203426361,0.40474000573158264,0.04572387412190437,0.6017788648605347,0.9945062398910522,0.11093244701623917,2.0002808570861816,3.4502124786376953,0.4592941105365753,9.493790003034519e-07,0.012142014689743519,0.004003934562206268,0.04799554869532585,0.1624143421649933,0.028532445430755615,1.0,6397.0,0,0.7097063064575195,549;743;647;738,719,True,,"v4.0-K[2,6]-phiapprox",convex
10164,0.010066911578178406,8.49221851240145e-06,0.3873557150363922,0.7078458666801453,2.5746161937713623,0.005420701112598181,0.05346384644508362,,,,,,0.0068206749856472015,0.013493053615093231,0.0017227248754352331,6.997265544761433e-10,2.771029539871961e-05,1.2660231732297689e-05,0.32628005743026733,0.4464877247810364,0.03051413595676422,0.5238863825798035,0.8742905259132385,0.08926722407341003,2.00111985206604,3.173218250274658,0.3513810634613037,4.795041945726553e-07,0.016510827466845512,0.0055218469351530075,0.0064195566810667515,0.11229091882705688,0.03006773814558983,1.0,8182.0,0,0.7097063064575195,549;743;647;738,719,True,,"v4.0-K[2,6]-phiapprox",convex
10165,0.010206051170825958,8.431133210251573e-06,0.31246671080589294,0.7282037138938904,2.333744525909424,0.004284922499209642,0.058469101786613464,,,,,,0.00689671328291297,0.01364337932318449,0.0017353197326883674,2.5773463918632444e-10,2.7966138077317737e-05,1.1699045899149496e-05,0.23111861944198608,0.4032513499259949,0.04329925402998924,0.5434590578079224,0.917093813419342,0.09588052332401276,2.000079393386841,2.9162092208862305,0.3030443787574768,3.564357484719949e-07,0.013782946392893791,0.004680622834712267,0.008556367829442024,0.12486904859542847,0.03304976969957352,1.0,9293.0,0,0.7097063064575195,549;743;647;738,713,True,,"v4.0-K[2,6]-phiapprox",convex
10166,0.021266359835863113,8.490305845043622e-06,0.2091042697429657,0.8138261437416077,2.522928476333618,0.020427463576197624,0.034160953015089035,,,,,,0.01502896100282669,0.028068535029888153,0.0033186215441673994,1.4876481990722112e-10,2.7877615139004774e-05,1.3321847291081212e-05,0.1525147557258606,0.26385000348091125,0.028192680329084396,0.6425988674163818,0.9639301300048828,0.08654932677745819,2.0009498596191406,3.1234641075134277,0.3397049307823181,6.643988854193594e-06,0.04344974458217621,0.012726305983960629,0.009314724244177341,0.06141001731157303,0.013978921808302402,1.0,8418.0,0,0.7097063064575195,549;743;647;738,714,True,,"v4.0-K[2,6]-phiapprox",convex
10168,0.047304876148700714,8.683511623530649e-06,0.12390071153640747,0.8821254968643188,3.1934573650360107,0.030023053288459778,0.0537918321788311,,,,,,0.024746470153331757,0.07397163659334183,0.013487120158970356,4.844047385432759e-10,2.7996700737276115e-05,1.4399818610399961e-05,0.05115506798028946,0.19570854306221008,0.037644412368535995,0.7386357188224792,0.9991986155509949,0.07534730434417725,2.113853693008423,4.279722213745117,0.5599728226661682,0.0028185241390019655,0.0562271773815155,0.013742147944867611,0.026682505384087563,0.08302193880081177,0.014573857188224792,1.0,6590.0,0,0.7097063064575195,549;743;647;738,718,True,,"v4.0-K[2,6]-phiapprox",convex
10169,0.04041266813874245,8.593504389864393e-06,0.29801949858665466,0.7341513633728027,2.250748634338379,0.003426190232858062,0.03824235498905182,,,,,,0.029798632487654686,0.05212768167257309,0.005785181652754545,9.381697502197639e-11,2.7926806069444865e-05,1.317496116826078e-05,0.22618907690048218,0.36673352122306824,0.03581240773200989,0.48250678181648254,0.9764178991317749,0.13276265561580658,2.000011682510376,2.765846014022827,0.27586326003074646,6.344108669509296e-07,0.011256759986281395,0.0036971173249185085,0.016817422583699226,0.06092917174100876,0.011618632823228836,1.0,9538.0,0,0.7097063064575195,549;743;647;738,713,True,,"v4.0-K[2,6]-phiapprox",convex
10170,0.054093051701784134,8.456694558844902e-06,0.2007419317960739,0.48278918862342834,2.793368101119995,0.07956694066524506,0.04575122892856598,,,,,,0.03521273285150528,0.07386726140975952,0.010046478360891342,1.448367953349461e-10,2.7542344469111413e-05,1.2820099072996527e-05,0.06691256910562515,0.3081510365009308,0.06217530369758606,0.2229991853237152,0.7195967435836792,0.1296175718307495,2.0000267028808594,3.9311113357543945,0.605455756187439,0.04109695181250572,0.12198853492736816,0.02117287367582321,0.019735418260097504,0.07108481973409653,0.013481887057423592,1.0,7341.0,0,0.7097063064575195,549;743;647;738,718,True,,"v4.0-K[2,6]-phiapprox",convex
10171,0.028570014983415604,8.546910976292565e-06,0.13592110574245453,0.8815888166427612,2.8678648471832275,0.019435320049524307,0.054076191037893295,,,,,,0.014853251166641712,0.045282986015081406,0.008365514688193798,2.4607263449105687e-10,2.897739250329323e-05,1.210211939906003e-05,0.049423228949308395,0.24947023391723633,0.05278946831822395,0.7356299757957458,0.9957963824272156,0.0749276652932167,2.001093864440918,3.6048426628112793,0.4267149269580841,1.0335969818697777e-05,0.04187832772731781,0.01230334211140871,0.020119300112128258,0.08883979916572571,0.017911987379193306,1.0,7123.0,0,0.7097063064575195,549;743;647;738,718,True,,"v4.0-K[2,6]-phiapprox",convex
10172,0.046372056007385254,8.767334293224849e-06,0.10567434877157211,0.8809276223182678,4.602991104125977,0.14652150869369507,0.10535455495119095,,,,,,0.0050111571326851845,0.10203087329864502,0.028866924345493317,5.55620327524764e-10,2.8071803171769716e-05,1.564627564221155e-05,0.045133382081985474,0.1721746325492859,0.03278855234384537,0.7480905652046204,0.9965015053749084,0.0709332823753357,2.955207347869873,5.925027847290039,0.8425750136375427,0.10380741953849792,0.19136974215507507,0.022146005183458328,0.039565559476614,0.15320706367492676,0.02746306173503399,1.0,4209.0,0,0.7097063064575195,549;743;647;738,719,True,,"v4.0-K[2,6]-phiapprox",convex
10174,0.01869264245033264,8.314188562508207e-06,0.26150262355804443,0.882615864276886,2.7373464107513428,0.009334346279501915,0.042199935764074326,,,,,,0.012100418098270893,0.025824885815382004,0.0035433792509138584,5.547807213623912e-10,2.6852569135371596e-05,1.22000337796635e-05,0.19758453965187073,0.3286575675010681,0.034721650183200836,0.7513265609741211,0.9977806210517883,0.07087299227714539,2.0019028186798096,3.422456979751587,0.383152574300766,4.2645459075174585e-07,0.025786494836211205,0.008291302248835564,0.012369035743176937,0.07655614614486694,0.016860969364643097,1.0,6171.0,0,0.7097063064575195,549;743;647;738,714,True,,"v4.0-K[2,6]-phiapprox",convex
10175,0.021257463842630386,8.385703949898016e-06,0.2628491222858429,0.6128763556480408,2.6193814277648926,0.017175141721963882,0.060478102415800095,,,,,,0.014245493337512016,0.029512744396924973,0.003990319091826677,1.0053787663499847e-10,2.6839894417207688e-05,1.3407870028459001e-05,0.1535796821117401,0.3739645481109619,0.05835976079106331,0.40203046798706055,0.8193320035934448,0.10774727165699005,2.000054359436035,3.3982605934143066,0.4362604022026062,3.4018154110526666e-05,0.039787616580724716,0.011876420117914677,0.01963890716433525,0.10565456748008728,0.0228315070271492,1.0,8937.0,0,0.7097063064575195,549;743;647;738,717,True,,"v4.0-K[2,6]-phiapprox",convex
10177,0.04669215902686119,8.688530215295032e-06,0.17465297877788544,0.8326410055160522,2.4872817993164062,0.049624934792518616,0.07544217258691788,,,,,,0.024286549538373947,0.07027566432952881,0.011558875441551208,4.7192350721703136e-11,2.8592605303856544e-05,1.3612472685053945e-05,0.07871624827384949,0.26412802934646606,0.05216747522354126,0.6282749176025391,0.9971692562103271,0.10623565316200256,2.000009536743164,3.2974624633789062,0.4063165783882141,0.020001137629151344,0.08291566371917725,0.016285201534628868,0.03846349939703941,0.11201268434524536,0.018662286922335625,1.0,8477.0,0,0.7097063064575195,549;743;647;738,715,True,,"v4.0-K[2,6]-phiapprox",convex
10178,0.04812749847769737,8.783834346104413e-06,0.24847249686717987,0.8834193348884583,2.44364070892334,0.025745835155248642,0.021297072991728783,,,,,,0.03205480799078941,0.06579189747571945,0.008779472671449184,1.0517677839771977e-09,2.788196798064746e-05,1.6292719010380097e-05,0.202130526304245,0.2979353666305542,0.024223893880844116,0.718346893787384,0.9993393421173096,0.08519933372735977,2.000216245651245,3.106459140777588,0.345978319644928,0.004960076417773962,0.04659515246748924,0.010769198648631573,0.0060709090903401375,0.039074111729860306,0.008975344710052013,1.0,9213.0,0,0.7097063064575195,549;743;647;738,718,True,,"v4.0-K[2,6]-phiapprox",convex
10179,0.06969448924064636,8.76439025887521e-06,0.1828390508890152,0.8941004872322083,3.12046480178833,0.007213163655251265,0.028954507783055305,,,,,,0.03947234898805618,0.10457897186279297,0.017218967899680138,3.7726521906478183e-10,2.9003844247199595e-05,1.5917752534733154e-05,0.11349087953567505,0.2392285168170929,0.03254231438040733,0.7553454637527466,0.9993063807487488,0.07096197456121445,2.0163373947143555,4.238533020019531,0.6123987436294556,1.9766296190937283e-06,0.018483038991689682,0.005776647478342056,0.012759913690388203,0.045814622193574905,0.008641734719276428,1.0,5387.0,0,0.7097063064575195,549;743;647;738,716,True,,"v4.0-K[2,6]-phiapprox",convex
10180,0.01194722205400467,8.226640602515545e-06,0.2880782186985016,0.781761646270752,2.3512213230133057,0.0042259832844138145,0.05975848436355591,,,,,,0.00789271853864193,0.01627160608768463,0.0021934397518634796,1.3811650434458755e-10,2.7039819542551413e-05,1.1919437383767217e-05,0.2234681248664856,0.3538932204246521,0.03321126103401184,0.6071628928184509,0.9520226120948792,0.09043524414300919,2.000113010406494,2.9414570331573486,0.29972514510154724,2.402807240287075e-06,0.012928556650876999,0.004263815935701132,0.011030364781618118,0.11984825134277344,0.03027559444308281,1.0,9494.0,0,0.7097063064575195,549;743;647;738,708,True,,"v4.0-K[2,6]-phiapprox",convex
10181,0.013234974816441536,8.359982530237176e-06,0.19505245983600616,0.8783007264137268,2.5319983959198,0.0073516094125807285,0.043987397104501724,,,,,,0.008389592170715332,0.01854991354048252,0.002652249298989773,8.510699783803588e-11,2.7556627173908055e-05,1.1873364201164804e-05,0.09318086504936218,0.2999417185783386,0.05518192797899246,0.7495927214622498,0.9921109080314636,0.06787743419408798,2.0008931159973145,3.074486017227173,0.30619218945503235,1.1779828668068149e-08,0.02213258668780327,0.007322001736611128,0.008846145123243332,0.0847901701927185,0.02072654291987419,1.0,8973.0,0,0.7097063064575195,549;743;647;738,719,True,,"v4.0-K[2,6]-phiapprox",convex
10182,0.0176774300634861,8.461041034024674e-06,0.33056169748306274,0.8548702597618103,2.453573703765869,0.006362452637404203,0.036051731556653976,,,,,,0.011878238059580326,0.023867560550570488,0.0031368935015052557,7.290091273703947e-12,2.796813532768283e-05,1.2521485587058123e-05,0.26170897483825684,0.41113144159317017,0.03972085192799568,0.7016397714614868,0.9930803775787354,0.08084560185670853,2.0000381469726562,3.1149730682373047,0.34308505058288574,2.8377610306051793e-06,0.018934227526187897,0.006264778785407543,0.007280821446329355,0.06788454949855804,0.0166326817125082,1.0,8922.0,0,0.7097063064575195,549;743;647;738,696,True,,"v4.0-K[2,6]-phiapprox",convex
10183,0.03031221032142639,8.598931344749872e-06,0.35933294892311096,0.5614767074584961,2.9084672927856445,0.12969012558460236,0.09715668857097626,,,,,,0.011216841638088226,0.05039477348327637,0.010674494318664074,1.359144741197582e-10,2.8463007765822113e-05,1.3152453902876005e-05,0.20689445734024048,0.5152915120124817,0.07734309136867523,0.33083945512771606,0.7748056650161743,0.11400016397237778,2.000062942504883,4.203485488891602,0.6821638345718384,0.08268782496452332,0.1766338050365448,0.0239639263600111,0.02815243974328041,0.166487455368042,0.03611038252711296,1.0,6720.0,0,0.7097063064575195,549;743;647;738,719,True,,"v4.0-K[2,6]-phiapprox",convex
10185,0.010124210268259048,8.347577931999695e-06,0.3790529668331146,0.7480952143669128,2.21305513381958,0.02480875700712204,0.041070982813835144,,,,,,0.007271734997630119,0.01320501510053873,0.0015342806000262499,1.6744759745446203e-10,2.7850914193550125e-05,1.1802313565567601e-05,0.29676222801208496,0.46111932396888733,0.04131811484694481,0.5683494806289673,0.9195595979690552,0.09169081598520279,2.000009059906006,2.6186323165893555,0.22076931595802307,1.6626567230559886e-05,0.059202149510383606,0.01823475956916809,0.005790378898382187,0.08375880122184753,0.021962426602840424,1.0,9011.0,0,0.7097063064575195,549;743;647;738,710,True,,"v4.0-K[2,6]-phiapprox",convex
10186,0.07151395827531815,8.51515960675897e-06,0.1069636195898056,0.8955361247062683,3.052356481552124,0.044830016791820526,0.031291838735342026,,,,,,0.0419868640601635,0.1047770082950592,0.015934761613607407,1.3731522863213996e-10,2.7820899049402215e-05,1.285281905438751e-05,0.043593429028987885,0.17969545722007751,0.03481337055563927,0.7503103017807007,0.9994317293167114,0.07554475963115692,2.0189435482025146,3.887627601623535,0.47816452383995056,0.019148483872413635,0.07327362895011902,0.013864285312592983,0.014345784671604633,0.050470925867557526,0.00960798654705286,1.0,9289.0,0,0.7097063064575195,549;743;647;738,718,True,,"v4.0-K[2,6]-phiapprox",convex
10190,0.012133251875638962,8.34792444948107e-06,0.35253360867500305,0.3125459849834442,2.70585560798645,0.05657738447189331,0.05378606542944908,,,,,,0.008662927895784378,0.015838373452425003,0.0018461287254467607,8.789648869855782e-11,2.748797123786062e-05,1.1637291208899114e-05,0.1640668511390686,0.5646779537200928,0.10816892236471176,0.12224036455154419,0.5264973640441895,0.10391128063201904,2.000124454498291,3.998868465423584,0.6236811876296997,2.041856077994453e-06,0.10551995038986206,0.028658626601099968,0.006601430010050535,0.11212271451950073,0.030476609244942665,1.0,6767.0,0,0.7097063064575195,549;743;647;738,600,True,,"v4.0-K[2,6]-phiapprox",convex
10191,0.056521911174058914,8.588812306697946e-06,0.14798220992088318,0.6789172887802124,3.1608827114105225,0.02027776464819908,0.08408185094594955,,,,,,0.028858058154582977,0.08657053112983704,0.014827321283519268,2.530878839834827e-10,2.8535434466903098e-05,1.272124700335553e-05,0.0672563910484314,0.2188684046268463,0.039290472865104675,0.4500916302204132,0.9254119396209717,0.12159067392349243,2.00002384185791,4.84409236907959,0.889671802520752,4.4030325625499245e-06,0.04375317692756653,0.01310274749994278,0.04772229865193367,0.12019336223602295,0.018429113551974297,1.0,7066.0,0,0.7097063064575195,549;743;647;738,708,True,,"v4.0-K[2,6]-phiapprox",convex
10192,0.005389411002397537,8.488649655191693e-06,0.4126235842704773,0.9226526618003845,2.3812179565429688,0.06610023230314255,0.03640524297952652,,,,,,0.0022895990405231714,0.008474107831716537,0.0015968861989676952,2.4012755672764285e-10,2.8400831070030108e-05,1.2007789337076247e-05,0.35088327527046204,0.47683948278427124,0.03209107741713524,0.8323099613189697,0.997532308101654,0.04754797741770744,2.0000321865081787,2.8432493209838867,0.25072845816612244,0.0022119644563645124,0.11619758605957031,0.029163198545575142,0.007973461411893368,0.07467138022184372,0.018186388537287712,1.0,6741.0,0,0.7097063064575195,549;743;647;738,709,True,,"v4.0-K[2,6]-phiapprox",convex
10196,0.0248913262039423,8.507638085575309e-06,0.20490606129169464,0.6979885101318359,3.5267374515533447,0.06951628625392914,0.03150824084877968,,,,,,0.015741195529699326,0.03527826443314552,0.005126100964844227,2.627722484049855e-10,2.7555048291105777e-05,1.539913318993058e-05,0.12717321515083313,0.27238601446151733,0.037351544946432114,0.5270542502403259,0.8591228723526001,0.08536741882562637,2.251871347427368,4.93931770324707,0.6978769302368164,0.03658565878868103,0.10481506586074829,0.01777183823287487,0.0065472861751914024,0.06066877767443657,0.014636089093983173,1.0,7268.0,0,0.7097063064575195,549;743;647;738,718,True,,"v4.0-K[2,6]-phiapprox",convex
10197,0.03310209512710571,8.62388787936652e-06,0.21617703139781952,0.7319714426994324,2.889134407043457,0.04254581406712532,0.037346433848142624,,,,,,0.020046839490532875,0.04938551411032677,0.007977859117090702,3.883592405995451e-11,2.8112361178500578e-05,1.4318198736873455e-05,0.14404404163360596,0.28740108013153076,0.03559314087033272,0.5228673815727234,0.9475731253623962,0.11244760453701019,2.000094413757324,4.508344650268555,0.800387978553772,0.014123576693236828,0.07421070337295532,0.015518814325332642,0.010061460547149181,0.07073653489351273,0.01647963374853134,1.0,6847.0,0,0.7097063064575195,549;743;647;738,716,True,,"v4.0-K[2,6]-phiapprox",convex
10198,0.028596991673111916,8.416889613727108e-06,0.2887243628501892,0.5304914712905884,2.5985653400421143,0.5343703627586365,0.06297006458044052,,,,,,0.01360517367720604,0.04450523108243942,0.008262166753411293,9.573267734097612e-10,2.7670042982208543e-05,1.3663983736478258e-05,0.14931461215019226,0.4174118638038635,0.06529104709625244,0.22448348999023438,0.8211069107055664,0.15327858924865723,2.00006103515625,3.767181396484375,0.5712634921073914,0.46233832836151123,0.6047950387001038,0.03651941940188408,0.015204053372144699,0.12027162313461304,0.028227806091308594,1.0,8816.0,0,0.7097063064575195,549;743;647;738,479,True,,"v4.0-K[2,6]-phiapprox",convex
10199,0.04160146787762642,8.694468306202907e-06,0.19440722465515137,0.9080204367637634,3.589232921600342,0.08296263217926025,0.03521221503615379,,,,,,0.020341025665402412,0.06637631356716156,0.01214815117418766,9.054459959578764e-11,2.8150572688900866e-05,1.3581058738054708e-05,0.14370155334472656,0.24107596278190613,0.025922417640686035,0.7915346622467041,0.9994885325431824,0.061450500041246414,2.419743061065674,4.800915241241455,0.6192197799682617,0.04678851738572121,0.11936786770820618,0.018756361678242683,0.015866277739405632,0.05658196657896042,0.010713029652833939,1.0,6313.0,0,0.7097063064575195,549;743;647;738,710,True,,"v4.0-K[2,6]-phiapprox",convex
10200,0.028574645519256592,8.598634849477094e-06,0.18446937203407288,0.7455488443374634,2.741875410079956,0.00787720363587141,0.07428724318742752,,,,,,0.01589924842119217,0.043281033635139465,0.007323795929551125,2.2408075395219385e-10,2.8054828362655826e-05,1.3919174307375215e-05,0.10739403963088989,0.2565772235393524,0.037227507680654526,0.5457698702812195,0.9424211978912354,0.10292847454547882,2.0017755031585693,3.604477643966675,0.48099157214164734,3.7255506413202966e-06,0.023286310955882072,0.007589865941554308,0.03158913925290108,0.11828145384788513,0.02248140051960945,1.0,7691.0,0,0.7097063064575195,549;743;647;738,719,True,,"v4.0-K[2,6]-phiapprox",convex
10201,0.022135956212878227,8.480936230625957e-06,0.2417675107717514,0.7287613749504089,2.2578511238098145,0.0059487223625183105,0.06358019262552261,,,,,,0.015084554441273212,0.030608342960476875,0.004108456429094076,4.634386624458031e-11,2.8633892725338228e-05,1.1641873243206646e-05,0.1740722954273224,0.3122694790363312,0.03402208164334297,0.4950338900089264,0.953514814376831,0.12010379135608673,2.0000312328338623,2.78810977935791,0.2854110300540924,4.393604285723995e-06,0.017474045976996422,0.0057645984925329685,0.02367042563855648,0.10913360118865967,0.022315219044685364,1.0,9728.0,0,0.7097063064575195,549;743;647;738,719,True,,"v4.0-K[2,6]-phiapprox",convex
10202,0.021022960543632507,8.328005606017541e-06,0.16438937187194824,0.8675546646118164,2.5632805824279785,0.013118081726133823,0.046649787575006485,,,,,,0.015151005238294601,0.02798476815223694,0.0033003329299390316,2.381986552446591e-10,2.778132511593867e-05,1.1190872100996785e-05,0.10662060976028442,0.21829915046691895,0.028642043471336365,0.7226313948631287,0.9964079260826111,0.07748781889677048,2.000093460083008,3.4588212966918945,0.43126219511032104,4.925752250528603e-07,0.0347624197602272,0.011145848780870438,0.015882691368460655,0.08088725805282593,0.017030594870448112,1.0,8241.0,0,0.7097063064575195,549;743;647;738,718,True,,"v4.0-K[2,6]-phiapprox",convex
10203,0.05339489132165909,8.657092621433549e-06,0.13570991158485413,0.7184064984321594,3.491138219833374,0.04671020805835724,0.040779244154691696,,,,,,0.032547030597925186,0.07754907011985779,0.011499465443193913,2.238116220132369e-10,2.7522473828867078e-05,2.0243012841092423e-05,0.05728713795542717,0.20574018359184265,0.03967319056391716,0.5165117383003235,0.923244059085846,0.10326267033815384,2.000563383102417,5.023332118988037,0.8892382383346558,0.019000820815563202,0.07503251731395721,0.014357427135109901,0.019000820815563202,0.06469044834375381,0.011954106390476227,1.0,8919.0,0,0.7097063064575195,549;743;647;738,716,True,,"v4.0-K[2,6]-phiapprox",convex
10204,0.02782425656914711,8.60779982758686e-06,0.200056791305542,0.7874533534049988,3.3190982341766357,0.03382803499698639,0.028469813987612724,,,,,,0.018253816291689873,0.03718462213873863,0.004878014791756868,1.480959660460357e-10,2.8823800676036626e-05,1.2441372746252455e-05,0.14250871539115906,0.255432665348053,0.028884274885058403,0.6156377196311951,0.942874550819397,0.0857359766960144,2.240062952041626,4.467226028442383,0.5773706436157227,0.009185733273625374,0.06015254184603691,0.013253956101834774,0.007979214191436768,0.05130339413881302,0.01144865620881319,1.0,7761.0,0,0.7097063064575195,549;743;647;738,718,True,,"v4.0-K[2,6]-phiapprox",convex
10208,0.025630466639995575,8.383769454667345e-06,0.28996679186820984,0.4525925815105438,2.4207894802093506,0.013452733866870403,0.05507386103272438,,,,,,0.01816626638174057,0.03347327932715416,0.0039954110980033875,1.8631257647783173e-10,2.699508513615001e-05,1.2615193554665893e-05,0.17225998640060425,0.4176032245159149,0.060997702181339264,0.22647714614868164,0.685868501663208,0.11825364083051682,2.000067949295044,3.5635557174682617,0.5205874443054199,3.2382499739469495e-06,0.03620200231671333,0.0114558394998312,0.017558900639414787,0.09482875466346741,0.02016703225672245,1.0,9286.0,0,0.7097063064575195,549;743;647;738,694,True,,"v4.0-K[2,6]-phiapprox",convex
10209,0.01542769093066454,8.302740752696991e-06,0.16695764660835266,0.9244900941848755,2.399111270904541,0.032962579280138016,0.040181756019592285,,,,,,0.009266846813261509,0.023470439016819,0.003983750008046627,1.9942843210163375e-10,2.7803062039311044e-05,1.5463474483112805e-05,0.07298166304826736,0.2578223943710327,0.04938910901546478,0.8076348900794983,0.9994735717773438,0.05800733342766762,2.0000059604644775,2.9225502014160156,0.3004705607891083,0.0002751161518972367,0.06170635670423508,0.01645638607442379,0.007241581566631794,0.08223524689674377,0.02098332718014717,1.0,6804.0,0,0.7097063064575195,549;743;647;738,715,True,,"v4.0-K[2,6]-phiapprox",convex
10212,0.037529900670051575,8.555637577956077e-06,0.18690598011016846,0.7086012959480286,2.48972487449646,0.07681819051504135,0.05551963672041893,,,,,,0.023506589233875275,0.052130326628685,0.0075213611125946045,3.1524985399933314e-10,2.7508902348927222e-05,1.763004001986701e-05,0.07300282269716263,0.2776961624622345,0.05484621226787567,0.46482840180397034,0.9508729577064514,0.13063636422157288,2.000030040740967,3.531130790710449,0.49808159470558167,0.04228002205491066,0.1115323007106781,0.017847897484898567,0.023998940363526344,0.09019288420677185,0.017163390293717384,1.0,6230.0,0,0.7097063064575195,549;743;647;738,716,True,,"v4.0-K[2,6]-phiapprox",convex
10215,0.017034554854035378,8.58460771269165e-06,0.21126975119113922,0.5626395344734192,2.7808282375335693,0.004993644542992115,0.05328779295086861,,,,,,0.012061897665262222,0.022791607305407524,0.002850436605513096,1.2594415788047542e-10,2.7739542929339223e-05,1.3541247426474001e-05,0.1299968957901001,0.2904445230960846,0.03960135579109192,0.36907458305358887,0.755903422832489,0.09855110943317413,2.0002334117889404,3.873175621032715,0.5637144446372986,1.172877546196105e-06,0.015838127583265305,0.005336160771548748,0.008610967546701431,0.10724225640296936,0.027095770463347435,1.0,8378.0,0,0.7097063064575195,549;743;647;738,719,True,,"v4.0-K[2,6]-phiapprox",convex
10216,0.013170369900763035,8.429375156993046e-06,0.2493745982646942,0.8618260622024536,2.2965259552001953,0.043819181621074677,0.05096130818128586,,,,,,0.008135242387652397,0.018303140997886658,0.002648590598255396,3.8096284460387153e-10,2.8243624910828657e-05,1.1803836969193071e-05,0.14094865322113037,0.33846181631088257,0.050954919308423996,0.7077940702438354,0.9890428185462952,0.07892268896102905,2.000077962875366,2.7594802379608154,0.23934176564216614,0.0011787869734689593,0.08023235201835632,0.02092766761779785,0.012107715010643005,0.09654173254966736,0.022725136950612068,1.0,7449.0,0,0.7097063064575195,549;743;647;738,717,True,,"v4.0-K[2,6]-phiapprox",convex
10217,0.05811496078968048,8.560721653338987e-06,0.16846753656864166,0.637373149394989,2.7494168281555176,0.007048360072076321,0.07066772878170013,,,,,,0.038698989897966385,0.08074483275413513,0.01100502721965313,4.781176496382322e-11,2.7351565222488716e-05,1.4401657608686946e-05,0.060255128890275955,0.25210410356521606,0.05166694521903992,0.40136900544166565,0.8807194232940674,0.1250595599412918,2.000119209289551,3.8522238731384277,0.5697998404502869,2.1676348751498153e-06,0.021183563396334648,0.006908203009516001,0.042607467621564865,0.1010812520980835,0.01516303326934576,1.0,6061.0,0,0.7097063064575195,549;743;647;738,719,True,,"v4.0-K[2,6]-phiapprox",convex
10218,0.010741098783910275,8.364267159777228e-06,0.39740628004074097,0.852785050868988,2.1228771209716797,0.003860141383484006,0.03773467242717743,,,,,,0.007363540586084127,0.014119043946266174,0.0017282067565247416,6.062478852264519e-10,2.7740856239688583e-05,1.1938283932977356e-05,0.31478220224380493,0.48035699129104614,0.042795244604349136,0.6998189687728882,0.9941058158874512,0.08149614930152893,2.000006914138794,2.354454278945923,0.12225186824798584,2.5095289402088383e-07,0.013259449042379856,0.004609440453350544,0.005669403821229935,0.07568216323852539,0.019368261098861694,1.0,9187.0,0,0.7097063064575195,549;743;647;738,694,True,,"v4.0-K[2,6]-phiapprox",convex
10220,0.02624629996716976,8.620520020485856e-06,0.18611277639865875,0.7152122259140015,2.3979692459106445,0.061398282647132874,0.06527701020240784,,,,,,0.017508966848254204,0.03574681282043457,0.004750197287648916,2.2565126156504078e-10,2.8027834559907205e-05,1.365662865282502e-05,0.08093708753585815,0.2862911820411682,0.053121138364076614,0.46700918674468994,0.9481876492500305,0.12763403356075287,2.0004026889801025,3.0815210342407227,0.347293883562088,0.026440342888236046,0.09582188725471497,0.01767989806830883,0.02605166658759117,0.1068713366985321,0.021133508533239365,1.0,10158.0,0,0.7097063064575195,549;743;647;738,718,True,,"v4.0-K[2,6]-phiapprox",convex
10221,0.015002813190221786,8.195943337341305e-06,0.4478027820587158,0.5513687133789062,2.2614588737487793,0.03160686790943146,0.03767159581184387,,,,,,0.011108605191111565,0.01895836926996708,0.001997563522309065,2.1188414911499365e-10,2.7059564672526903e-05,1.0684134394978173e-05,0.3039904236793518,0.5750220417976379,0.07016921043395996,0.3321773409843445,0.7625223398208618,0.11029394716024399,2.0000205039978027,2.821213722229004,0.32465213537216187,2.1338972146622837e-05,0.06799136102199554,0.02014262042939663,0.00606935378164053,0.07635844498872757,0.02003445476293564,1.0,7964.0,0,0.7097063064575195,549;743;647;738,707,True,,"v4.0-K[2,6]-phiapprox",convex
10222,0.024676837027072906,8.50628475745907e-06,0.237376868724823,0.7348934412002563,2.734694242477417,0.04120909050107002,0.030425451695919037,,,,,,0.016875244677066803,0.03436338156461716,0.004632266238331795,1.023206186445691e-09,2.7824991775560193e-05,1.2401358617353253e-05,0.1474689543247223,0.31741398572921753,0.04165950044989586,0.5506483316421509,0.9158101677894592,0.09499791264533997,2.0000696182250977,3.5698349475860596,0.45397061109542847,0.007699719164520502,0.07607811689376831,0.017967186868190765,0.006379841826856136,0.05841751769185066,0.01419053878635168,1.0,7115.0,0,0.7097063064575195,549;743;647;738,710,True,,"v4.0-K[2,6]-phiapprox",convex
10225,0.0448165237903595,8.691495168022811e-06,0.18493878841400146,0.7596899271011353,2.3895857334136963,0.022862141951918602,0.041477929800748825,,,,,,0.028791707009077072,0.06213665381073952,0.008684723637998104,1.0563795671547638e-10,2.746023346844595e-05,1.4605876458517741e-05,0.07643763720989227,0.2721189558506012,0.05143139138817787,0.5056097507476807,0.9874250292778015,0.1346614956855774,2.000005006790161,3.2500805854797363,0.40996813774108887,0.0007731711375527084,0.04403357207775116,0.011758117005228996,0.017703361809253693,0.06889189034700394,0.013238200917840004,1.0,7144.0,0,0.7097063064575195,549;743;647;738,713,True,,"v4.0-K[2,6]-phiapprox",convex
10226,0.014985950663685799,8.424448424193542e-06,0.2663792073726654,0.5943219065666199,3.011228084564209,0.005999763496220112,0.04707751050591469,,,,,,0.010720337741076946,0.020074836909770966,0.0024295689072459936,8.031404014063881e-11,2.780608701868914e-05,1.2119064194848761e-05,0.17930781841278076,0.35547685623168945,0.044070031493902206,0.4130024313926697,0.775686502456665,0.09153095632791519,2.0017571449279785,4.219014644622803,0.6504101753234863,2.781400780804688e-06,0.01769241876900196,0.005821174010634422,0.008833480067551136,0.09486231207847595,0.02412552759051323,1.0,9021.0,0,0.7097063064575195,549;743;647;738,718,True,,"v4.0-K[2,6]-phiapprox",convex
10227,0.030989326536655426,8.846672244544607e-06,0.17556574940681458,0.7901883721351624,3.3093764781951904,0.01122232060879469,0.05007551237940788,,,,,,0.017681041732430458,0.04364187642931938,0.0068266140297055244,2.41183406579637e-10,2.924668115156237e-05,1.7563683286425658e-05,0.10171300172805786,0.24121451377868652,0.035594552755355835,0.6090995073318481,0.9857451319694519,0.10201536864042282,2.00213885307312,4.680899620056152,0.8054661750793457,7.244284461194184e-08,0.029501216486096382,0.009423057548701763,0.020664870738983154,0.08075520396232605,0.015741314738988876,1.0,6608.0,0,0.7097063064575195,549;743;647;738,717,True,,"v4.0-K[2,6]-phiapprox",convex
10228,0.03475746139883995,8.785666977928486e-06,0.1730453372001648,0.8061700463294983,2.951430320739746,0.0249094869941473,0.034772392362356186,,,,,,0.022694198414683342,0.04885931313037872,0.00682198628783226,8.559750824810308e-11,2.933029827545397e-05,1.3261131243780255e-05,0.11395436525344849,0.23261570930480957,0.02972104772925377,0.6217473745346069,0.9774990677833557,0.09642037004232407,2.000399351119995,4.198641777038574,0.6481617093086243,3.969343742937781e-05,0.0520164892077446,0.014964588917791843,0.013212235644459724,0.05850858613848686,0.011932291090488434,1.0,8652.0,0,0.7097063064575195,549;743;647;738,712,True,,"v4.0-K[2,6]-phiapprox",convex
10229,0.019516995176672935,8.200620868592523e-06,0.2993233799934387,0.7341874837875366,2.1765170097351074,0.006672685965895653,0.03672008216381073,,,,,,0.01399335078895092,0.02533586509525776,0.0029740130994468927,4.3153283030283873e-11,2.691144800337497e-05,1.0747721717052627e-05,0.17841315269470215,0.42003846168518066,0.06455592811107635,0.5280449986457825,0.9413015842437744,0.10888171195983887,2.0000030994415283,2.5349583625793457,0.17955929040908813,2.6807206268131267e-06,0.020395871251821518,0.006562662776559591,0.0075684660114347935,0.06945554167032242,0.016777262091636658,1.0,9098.0,0,0.7097063064575195,549;743;647;738,707,True,,"v4.0-K[2,6]-phiapprox",convex
10234,0.025027263909578323,8.399514626944438e-06,0.19640178978443146,0.801284909248352,3.103689432144165,0.010457306168973446,0.04061425104737282,,,,,,0.015013488009572029,0.03637849912047386,0.005686467979103327,1.3253302622029395e-10,2.7472815418150276e-05,1.2058093489031307e-05,0.10854366421699524,0.2712300419807434,0.040330998599529266,0.6358664035797119,0.9580873250961304,0.08321623504161835,2.2000486850738525,4.0366926193237305,0.4603467583656311,1.0961610996673699e-06,0.028174275532364845,0.008981973864138126,0.010633268393576145,0.0722917690873146,0.016420044004917145,1.0,6684.0,0,0.7097063064575195,549;743;647;738,708,True,,"v4.0-K[2,6]-phiapprox",convex
10235,0.01386313233524561,8.632067874714267e-06,0.22661153972148895,0.8585747480392456,3.220193862915039,0.030737318098545074,0.06802856177091599,,,,,,0.006885528098791838,0.02174881286919117,0.004086611792445183,1.5367317141024017e-10,2.892894008255098e-05,1.2892152881249785e-05,0.16559773683547974,0.281931608915329,0.029217081144452095,0.7245174050331116,0.9935480952262878,0.07539200782775879,2.175807476043701,4.352507591247559,0.598686933517456,0.0001326840720139444,0.060223158448934555,0.016433730721473694,0.015519055537879467,0.12542450428009033,0.029609641060233116,1.0,6887.0,0,0.7097063064575195,549;743;647;738,720,True,,"v4.0-K[2,6]-phiapprox",convex
10236,0.04716341570019722,8.467737643513829e-06,0.1962374895811081,0.8641048669815063,2.5181357860565186,0.009746207855641842,0.05696742609143257,,,,,,0.02694879285991192,0.06933344155550003,0.010926061309874058,2.6162180755129327e-10,2.7621284971246496e-05,1.2628410331672058e-05,0.09925368428230286,0.2972263693809509,0.05066736787557602,0.6716719269752502,0.9978860020637512,0.09810212254524231,2.000140905380249,4.0014166831970215,0.612319827079773,6.969447440496879e-06,0.02485942281782627,0.007761999499052763,0.026867270469665527,0.08820116519927979,0.01591862179338932,1.0,6056.0,0,0.7097063064575195,549;743;647;738,718,True,,"v4.0-K[2,6]-phiapprox",convex
10239,0.03766069933772087,8.432592949247919e-06,0.2287377119064331,0.6624155640602112,2.3594534397125244,0.007327350787818432,0.07878129929304123,,,,,,0.025678720325231552,0.050697654485702515,0.006453716196119785,2.3128583770404276e-10,2.6889354558079503e-05,1.5112327673705295e-05,0.1432170867919922,0.3089646100997925,0.04234647378325462,0.4047042429447174,0.8948621153831482,0.12709876894950867,2.0001938343048096,3.0387706756591797,0.3500404953956604,5.889884960197378e-06,0.020126579329371452,0.006427434738725424,0.04511959105730057,0.11595401167869568,0.018185405060648918,1.0,8688.0,0,0.7097063064575195,549;743;647;738,718,True,,"v4.0-K[2,6]-phiapprox",convex
10240,0.07258319854736328,8.685004104336258e-06,0.14889326691627502,0.8130544424057007,2.818801164627075,0.00882945116609335,0.017477985471487045,,,,,,0.04507856443524361,0.10290670394897461,0.015138020738959312,7.455529943412031e-11,2.853528712876141e-05,1.3392086657404434e-05,0.07037055492401123,0.21437585353851318,0.03782355785369873,0.5953788757324219,0.9984334111213684,0.11720120161771774,2.0002331733703613,4.4647979736328125,0.7803552746772766,6.9065849856997374e-06,0.020899886265397072,0.006279126275330782,0.005298006813973188,0.031056370586156845,0.006808646023273468,1.0,7060.0,0,0.7097063064575195,549;743;647;738,720,True,,"v4.0-K[2,6]-phiapprox",convex
10241,0.04785750433802605,8.352298209501896e-06,0.11940589547157288,0.8971832990646362,4.225549221038818,0.15042640268802643,0.07685839384794235,,,,,,0.0143901901319623,0.08139747381210327,0.01736021414399147,3.3902738255653375e-11,2.7024667360819876e-05,1.1857732715725433e-05,0.057574279606342316,0.18090900778770447,0.03183719515800476,0.7669219970703125,0.9988188147544861,0.06801686435937881,2.6743431091308594,5.499764442443848,0.730640709400177,0.1055682897567749,0.1961711347103119,0.023308271542191505,0.04602275788784027,0.11075407266616821,0.016550417989492416,1.0,8326.0,0,0.7097063064575195,549;743;647;738,720,True,,"v4.0-K[2,6]-phiapprox",convex
10242,0.032094258815050125,8.432015420112293e-06,0.1941869556903839,0.9150674939155579,3.532343864440918,0.017882660031318665,0.023479953408241272,,,,,,0.019164174795150757,0.04725363478064537,0.0074393656104803085,6.822353099122935e-11,2.7929729185416363e-05,1.2989884453418199e-05,0.14725321531295776,0.23538976907730103,0.022701306268572807,0.8130682110786438,0.9980408549308777,0.05354436859488487,2.691330671310425,4.522775650024414,0.4817374646663666,5.230414535617456e-05,0.0368100143969059,0.010357143357396126,0.007523461245000362,0.04231322556734085,0.009207460097968578,1.0,9118.0,0,0.7097063064575195,549;743;647;738,719,True,,"v4.0-K[2,6]-phiapprox",convex
10243,0.020658044144511223,8.465936844004318e-06,0.28801339864730835,0.6396097540855408,2.385031223297119,0.08723285794258118,0.02517588622868061,,,,,,0.015598859637975693,0.02645341493189335,0.002805245341733098,4.53560800028896e-10,2.8009048037347384e-05,1.2159638572484255e-05,0.20968139171600342,0.3791241943836212,0.0428408645093441,0.42088139057159424,0.8326737284660339,0.10664145648479462,2.0000038146972656,3.0930521488189697,0.3565646708011627,0.044844258576631546,0.13007378578186035,0.022006703540682793,0.0047104815021157265,0.04991278424859047,0.012533060275018215,1.0,9183.0,0,0.7097063064575195,549;743;647;738,711,True,,"v4.0-K[2,6]-phiapprox",convex
10245,0.03690728172659874,9.091490028367843e-06,0.12231019884347916,0.8521833419799805,4.61807107925415,0.09400683641433716,0.06782801449298859,,,,,,0.012250774540007114,0.062069665640592575,0.013192524202167988,8.410450287599236e-12,2.8142861992819235e-05,2.982658588734921e-05,0.04628381133079529,0.19006049633026123,0.036789506673812866,0.7180027365684509,0.9834276437759399,0.07077500969171524,3.443293333053589,5.573147773742676,0.55304354429245,0.05806159973144531,0.13210827112197876,0.01900709979236126,0.032836757600307465,0.10307267308235168,0.01778661273419857,1.0,8260.0,0,0.7097063064575195,549;743;647;738,719,True,,"v4.0-K[2,6]-phiapprox",convex
10246,0.03467228636145592,8.595508006692398e-06,0.2109706699848175,0.7228052020072937,2.333343505859375,0.008934752084314823,0.05622809752821922,,,,,,0.02382020838558674,0.045870520174503326,0.0056814043782651424,6.959822995700193e-11,2.8489157557487488e-05,1.2771052752214018e-05,0.14990317821502686,0.27080121636390686,0.03041904978454113,0.45638522505760193,0.9579645395278931,0.1342623084783554,2.000067949295044,3.024404525756836,0.3440741002559662,8.38161213323474e-06,0.02323615923523903,0.007269769441336393,0.02444719523191452,0.09036481380462646,0.01701822131872177,1.0,8447.0,0,0.7097063064575195,549;743;647;738,715,True,,"v4.0-K[2,6]-phiapprox",convex
10248,0.046201881021261215,8.552344297640957e-06,0.24245816469192505,0.8292098641395569,2.2609219551086426,0.03533201292157173,0.03936895728111267,,,,,,0.031387388706207275,0.06287208199501038,0.008309178985655308,2.873692117599802e-10,2.898448656196706e-05,1.2144520951551385e-05,0.16293731331825256,0.3137528598308563,0.03760184720158577,0.6173206567764282,0.9977820515632629,0.11178480088710785,2.0000548362731934,2.7454400062561035,0.24839596450328827,0.010512188076972961,0.06236758828163147,0.013486881740391254,0.015325615182518959,0.06478045880794525,0.013199277222156525,1.0,8742.0,0,0.7097063064575195,549;743;647;738,718,True,,"v4.0-K[2,6]-phiapprox",convex
