Model,Parameter,Median,IQR,Min,Max,Mean,SD
Q-learning,alpha_pos,0.6071322568590317,0.4404588343231009,0.0623456377265371,0.909287044493632,0.5359901223226134,0.2621078485569737
Q-learning,alpha_neg,0.5247206140097268,0.5279489117982513,0.0123604499181817,0.9378559033904004,0.4805741553632258,0.29400420689714524
Q-learning,epsilon,0.240893530435947,0.22003976396879876,0.0584819991579581,0.7465769001378257,0.3120434385488981,0.1786742269962655
WM-RL,alpha_pos,0.5653381973320646,0.452059944204051,0.0545452386391515,0.9573109128696108,0.5340727044597381,0.26823399478892707
WM-RL,alpha_neg,0.5056354907783377,0.42932028774135755,0.0123604499181817,0.94271999158585,0.48128568114518183,0.2573416962143864
WM-RL,phi,0.336352931608382,0.279147188505126,0.0177858568947932,0.8446724097932976,0.37854551469874514,0.209990740765453
WM-RL,rho,0.4509980394712939,0.5458055917031128,0.0543295228350551,0.9509516970353106,0.494780128933542,0.279338969100752
WM-RL,capacity,3.986729148642657,2.9578701494938517,1.1595374947018249,6.974650511962885,3.955825382506199,1.765298653825749
WM-RL,epsilon,0.1998900387020759,0.2365903690060307,0.0189314255872362,0.7040110611464606,0.2666824387529735,0.16982160353670883
