{
  "model": "wmrl_m6a",
  "n_participants": 154,
  "n_starts": 50,
  "total_time_s": 18112.44529724121,
  "total_time_min": 301.8740882873535,
  "avg_time_per_participant_s": 117.61328115091695,
  "jit_compilation_time_s": null,
  "steady_state_avg_s": null,
  "n_jobs": 1,
  "peak_memory_mb": 2393.40625,
  "initial_memory_mb": 2299.5859375,
  "memory_increase_mb": 93.8203125,
  "timestamp": "2026-04-13T08:27:31.420456",
  "seed": 42,
  "data_file": "output/task_trials_long.csv",
  "n_converged": 121,
  "convergence_rate": 0.7857142857142857,
  "hessian_success_count": 146,
  "hessian_success_rate": 0.948051948051948
}