{
  "model": "wmrl_m5",
  "n_participants": 46,
  "n_starts": 5,
  "total_time_s": 678.4969594478607,
  "total_time_min": 11.308282657464344,
  "avg_time_per_participant_s": 14.74993390104045,
  "jit_compilation_time_s": 15.623061180114746,
  "steady_state_avg_s": 14.369129906760321,
  "n_jobs": 1,
  "peak_memory_mb": 645.3203125,
  "initial_memory_mb": 171.46484375,
  "memory_increase_mb": 473.85546875,
  "timestamp": "2026-04-02T20:41:55.582074",
  "seed": 42,
  "data_file": "output/task_trials_long.csv",
  "n_converged": 45,
  "convergence_rate": 0.9782608695652174
}