participant_id,alpha_pos,alpha_neg,phi,rho,capacity,kappa,epsilon,nll,aic,bic,aicc,pseudo_r2,n_trials,converged,n_successful_starts,n_near_best,at_bounds
10000,0.5022493600845337,0.0010000000474974513,0.5127314925193787,0.5258029699325562,6.609009742736816,0.0,0.15748298168182373,753.2313232421875,1520.462646484375,1554.7324253686102,1520.5769321986606,0.3060519259725931,988,True,5,3,"['alpha_neg', 'kappa']"
9187,0.018883859738707542,0.0010000000474974513,0.7923616766929626,0.1667981743812561,7.0,0.0,0.026851952075958252,820.6881103515625,1655.376220703125,1689.6601553050255,1655.4902736562817,0.2454318072037911,990,True,5,1,"['alpha_neg', 'capacity', 'kappa']"
