,LESS Total,IES-R Total,IES-R Intrusion,IES-R Avoidance,IES-R Hyperarousal
LESS Total,1.0,0.027088173446525983,0.05738775310399766,0.012799137027443236,0.0019458985374020714
IES-R Total,0.027088173446525983,1.0,0.9259203192895309,0.8934305958361674,0.8862868083485377
IES-R Intrusion,0.05738775310399766,0.9259203192895309,1.0,0.7162703037992265,0.8055160206061222
IES-R Avoidance,0.012799137027443236,0.8934305958361674,0.7162703037992265,1.0,0.6468093574005238
IES-R Hyperarousal,0.0019458985374020714,0.8862868083485377,0.8055160206061222,0.6468093574005238,1.0
