{
  "model": "wmrl",
  "n_participants": 154,
  "n_starts": 50,
  "total_time_s": 20419.909343004227,
  "total_time_min": 340.3318223834038,
  "avg_time_per_participant_s": 132.59681391561188,
  "jit_compilation_time_s": null,
  "steady_state_avg_s": null,
  "n_jobs": 1,
  "peak_memory_mb": 1767.6484375,
  "initial_memory_mb": 1641.18359375,
  "memory_increase_mb": 126.46484375,
  "timestamp": "2026-04-10T02:40:24.998786",
  "seed": 42,
  "data_file": "output/ppc/wmrl_m4/synthetic_trials.csv",
  "n_converged": 112,
  "convergence_rate": 0.7272727272727273
}