group,n,W,p,normal
Trauma - No Ongoing Impact,58,0.959567695678029,0.05095390170901741,True
Trauma - Ongoing Impact,38,0.9280361808999446,0.01740467257879625,False
