group,n,W,p,normal
Trauma - No Ongoing Impact,20,0.9203760210780308,0.10075049850673423,True
Trauma - Ongoing Impact,16,0.8854309484435915,0.047189588242726,False
