group,n,W,p,normal
Trauma - No Ongoing Impact,20,0.8152754623190244,0.0014731527080748842,False
Trauma - Ongoing Impact,16,0.8238420996478174,0.005748574128419525,False
