group,n,W,p,normal
Trauma - No Ongoing Impact,58,0.8659689566414843,1.2555247949997845e-05,False
Trauma - Ongoing Impact,38,0.8676157538967055,0.00035029895708074335,False
