parameter,pearson_r,p_value,rmse,bias,pass_fail
alpha_pos,0.5982222744135011,6.284451079466199e-16,0.2708173113816226,-0.04552130393303648,FAIL
alpha_neg,0.5161186573148648,1.3823478614107214e-11,0.2956056252035972,-0.0712801779951299,FAIL
phi,0.44222902206890874,1.4638741950583127e-08,0.3354502685434103,0.03256335526021521,FAIL
rho,0.6289189539126617,6.8298727323803294e-18,0.2706416011687326,0.07192588971790222,FAIL
capacity,0.21350873346043148,0.008706108678867371,2.2857886379757986,-0.21536713062138158,FAIL
kappa_total,0.9971065906044799,1.5536063151872016e-167,0.022076987823275412,-0.0030519441662001452,PASS
kappa_share,0.93108386051208,1.075665007602776e-66,0.11151835452665815,0.0016269049809001554,PASS
epsilon,0.77214431772431,6.0561950885653415e-31,0.20946829658914326,-0.09755997944754974,FAIL
