model,aggregate_aic,delta_aic,relative_likelihood,aggregate_bic,delta_bic,akaike_weight
M6b,70803.50497436523,0.0,1.0,73556.52179576395,0.0,1.0
M5,80608.0309753418,9804.526000976562,0.0,83686.28660475003,10129.764808986074,0.0
M2,90924.51852416992,20121.013549804688,0.0,93469.74984816482,19913.228052400867,0.0
M3,92100.18063354492,21296.675659179688,0.0,95201.3885076514,21644.866711887444,0.0
M6a,92898.49597167969,22094.990997314453,0.0,96004.11260704494,22447.590811280985,0.0
M1,145670.69662475586,74867.19165039062,0.0,147692.12890319678,74135.60710743282,0.0
