model,aggregate_aic,delta_aic,relative_likelihood,aggregate_bic,delta_bic,akaike_weight
M3,39050.905364990234,0.0,1.0,40511.60685756536,0.0,1.0
M2,39743.86795043945,692.9625854492188,3.3503215204709156e-151,40995.89780121813,484.2909436527698,3.3503215204709156e-151
M1,41464.49084472656,2413.585479736328,0.0,42090.505770115895,1578.8989125505323,0.0
