model,aic_wins,win_pct,total,bic_wins
M1,0,0.0,45,5
M2,21,46.666666666666664,45,21
M3,24,53.333333333333336,45,19
