model,aic_wins,win_pct,total,bic_wins
M1,2,1.2987012987012987,154,18
M2,3,1.948051948051948,154,21
M3,15,9.74025974025974,154,21
M5,41,26.623376623376622,154,18
M6a,38,24.675324675324674,154,55
M6b,55,35.714285714285715,154,21
