group,n,model,aggregate_aic,akaike_weight,wins,win_pct
No Ongoing Impact,26,M1,24119.78973388672,5.2233259349e-313,0.0,0.0
No Ongoing Impact,26,M2,23284.895874023438,1.0300191126098049e-131,10.0,38.46153846153846
No Ongoing Impact,26,M3,22681.677734375,1.0,16.0,61.53846153846154
Ongoing Impact,19,M1,17344.701110839844,1.508777322206258e-212,0.0,0.0
Ongoing Impact,19,M2,16458.972076416016,3.252678983773474e-20,11.0,57.89473684210526
Ongoing Impact,19,M3,16369.227630615234,1.0,8.0,42.10526315789474
Fisher_exact_test,45,M3_vs_M2,,,,0.45454545454545453
