{
  "model": "qlearning",
  "n_participants": 154,
  "n_starts": 50,
  "total_time_s": 9605.55443072319,
  "total_time_min": 160.0925738453865,
  "avg_time_per_participant_s": 62.37373006963111,
  "jit_compilation_time_s": null,
  "steady_state_avg_s": null,
  "n_jobs": 1,
  "peak_memory_mb": 1649.5859375,
  "initial_memory_mb": 1624.23046875,
  "memory_increase_mb": 25.35546875,
  "timestamp": "2026-04-08T19:39:13.381235",
  "seed": 42,
  "data_file": "output/ppc/qlearning/synthetic_trials.csv",
  "n_converged": 139,
  "convergence_rate": 0.9025974025974026
}