{
  "model": "wmrl",
  "n_participants": 154,
  "n_starts": 50,
  "total_time_s": 20505.77369785309,
  "total_time_min": 341.76289496421816,
  "avg_time_per_participant_s": 133.15437466138368,
  "jit_compilation_time_s": null,
  "steady_state_avg_s": null,
  "n_jobs": 1,
  "peak_memory_mb": 1761.69921875,
  "initial_memory_mb": 1634.578125,
  "memory_increase_mb": 127.12109375,
  "timestamp": "2026-04-09T01:21:53.833003",
  "seed": 42,
  "data_file": "output/ppc/qlearning/synthetic_trials.csv",
  "n_converged": 97,
  "convergence_rate": 0.6298701298701299
}