participant_id,alpha_pos,alpha_neg,phi,rho,capacity,kappa_total,kappa_share,epsilon,nll,aic,bic,aicc,pseudo_r2,alpha_pos_hdi_low,alpha_pos_hdi_high,alpha_pos_sd,alpha_neg_hdi_low,alpha_neg_hdi_high,alpha_neg_sd,phi_hdi_low,phi_hdi_high,phi_sd,rho_hdi_low,rho_hdi_high,rho_sd,capacity_hdi_low,capacity_hdi_high,capacity_sd,kappa_total_hdi_low,kappa_total_hdi_high,kappa_total_sd,kappa_share_hdi_low,kappa_share_hdi_high,kappa_share_sd,epsilon_hdi_low,epsilon_hdi_high,epsilon_sd,max_rhat,min_ess_bulk,num_divergences,min_bfmi,per_chain_ess_bulk,n_trials,converged,at_bounds,parameterization_version,kappa_parameterization
9187,0.012822923250496387,1.293064451601822e-05,0.18116694688796997,0.33876410126686096,2.8925609588623047,0.10300454497337341,0.09054659307003021,0.04929420351982117,,,,,,0.009920629672706127,0.016035499051213264,0.0015738741494715214,4.5396816861220657e-10,4.303650348447263e-05,1.797610821085982e-05,0.07120208442211151,0.28083062171936035,0.055453360080718994,0.1836727261543274,0.4995598793029785,0.0805819109082222,2.0031354427337646,3.850691556930542,0.5200130939483643,0.051687855273485184,0.1605464518070221,0.027974486351013184,2.5186782295349985e-06,0.23901933431625366,0.0776836946606636,0.009319042786955833,0.09943777322769165,0.02520795725286007,1.0,9720.0,0,0.7246221303939819,629;502;539;601,990,True,,"v4.0-K[2,6]-phiapprox-stickbreaking",convex
10000,0.01371412817388773,1.3129958460922353e-05,0.32227185368537903,0.8566098809242249,2.5788493156433105,0.12004319578409195,0.038503047078847885,0.06350293010473251,,,,,,0.008724280633032322,0.018904900178313255,0.00263545336201787,2.2005612887454618e-09,4.3314335925970227e-05,2.71363569481764e-05,0.23841702938079834,0.4091967046260834,0.04606464505195618,0.7181673645973206,0.9874498248100281,0.07287906110286713,2.004995107650757,3.087611675262451,0.3050389587879181,0.06463009864091873,0.17812690138816833,0.029030760750174522,1.178127263301576e-06,0.11316163092851639,0.03870308771729469,0.018027421087026596,0.1109623908996582,0.02470938302576542,1.0,8338.0,0,0.7246221303939819,629;502;539;601,988,True,,"v4.0-K[2,6]-phiapprox-stickbreaking",convex
10002,0.0424702949821949,1.3351852430787403e-05,0.13493090867996216,0.8915340304374695,2.6763968467712402,0.11517409980297089,0.592241108417511,0.04492601007223129,,,,,,0.027452627196907997,0.06021604686975479,0.008593713864684105,1.2887362010882697e-10,4.4365471694618464e-05,1.9196728317183442e-05,0.06536851823329926,0.20129960775375366,0.03496449068188667,0.7451536655426025,0.9991601705551147,0.07594193518161774,2.0006749629974365,3.756265163421631,0.5260046124458313,0.06609386205673218,0.16822588443756104,0.026848318055272102,0.35483789443969727,0.8819746971130371,0.13676607608795166,0.020850637927651405,0.0698268786072731,0.012730092741549015,1.0,8046.0,0,0.7246221303939819,629;502;539;601,986,True,,"v4.0-K[2,6]-phiapprox-stickbreaking",convex
10003,0.014646278694272041,1.3250215488369577e-05,0.3190891146659851,0.9413293600082397,2.7225112915039062,0.13614827394485474,0.16956676542758942,0.02454547956585884,,,,,,0.010084136389195919,0.019606804475188255,0.002424971666187048,4.525763097618096e-10,4.3858068238478154e-05,2.2274367438512854e-05,0.2672834098339081,0.36964014172554016,0.026193290948867798,0.8582807779312134,0.999937891960144,0.043304018676280975,2.140521287918091,3.359170913696289,0.31090012192726135,0.0745069831609726,0.19664320349693298,0.031585436314344406,9.99168332782574e-06,0.33752119541168213,0.09567460417747498,0.005317584611475468,0.04621158912777901,0.011172452941536903,1.0,8705.0,0,0.7246221303939819,629;502;539;601,973,True,,"v4.0-K[2,6]-phiapprox-stickbreaking",convex
10004,0.04617215692996979,1.3382979886955582e-05,0.1313830018043518,0.9331383109092712,3.714907169342041,0.05457647889852524,0.5946406126022339,0.05649793893098831,,,,,,0.02378949522972107,0.07398746907711029,0.013160151429474354,4.3563216922670733e-10,4.399432509671897e-05,2.152220804418903e-05,0.07450980693101883,0.19903650879859924,0.03316185623407364,0.8381280899047852,0.9999138712882996,0.048484738916158676,2.6811556816101074,4.729619979858398,0.5392862558364868,0.020813774317502975,0.09203679859638214,0.018398532643914223,0.2575928568840027,0.9304677844047546,0.1790280044078827,0.033247534185647964,0.08086143434047699,0.012435984797775745,1.0,9704.0,0,0.7246221303939819,629;502;539;601,990,True,,"v4.0-K[2,6]-phiapprox-stickbreaking",convex
10005,0.02701653726398945,1.3233203389972914e-05,0.19928215444087982,0.9471210837364197,3.3203141689300537,0.1750016212463379,0.08058460801839828,0.031319133937358856,,,,,,0.014003271237015724,0.0415710024535656,0.007287904154509306,4.001884379434273e-10,4.286561670596711e-05,2.3370321287075058e-05,0.13790075480937958,0.25887811183929443,0.03158317506313324,0.8698283433914185,0.9998769164085388,0.03993374854326248,2.544846534729004,4.207846641540527,0.43049871921539307,0.10358946770429611,0.24468892812728882,0.0365099236369133,8.676635479787365e-05,0.16897088289260864,0.04814988374710083,0.010228529572486877,0.05433644726872444,0.011663900688290596,1.0,8612.0,0,0.7246221303939819,629;502;539;601,985,True,,"v4.0-K[2,6]-phiapprox-stickbreaking",convex
10006,0.04285351186990738,1.3674625733983703e-05,0.1681513637304306,0.9270423650741577,3.4355039596557617,0.07360139489173889,0.09695103764533997,0.034313835203647614,,,,,,0.02398551255464554,0.061989158391952515,0.00975713785737753,4.4999556858549283e-10,4.403048660606146e-05,2.3725093342363834e-05,0.11714380979537964,0.21523016691207886,0.02583431638777256,0.8317657709121704,0.9996755719184875,0.049429845064878464,2.3937578201293945,4.5231757164001465,0.5555769205093384,0.016215410083532333,0.1372765153646469,0.032374389469623566,9.60478064371273e-06,0.2701095938682556,0.0904000848531723,0.015891611576080322,0.05275895446538925,0.009525400586426258,1.0,9177.0,0,0.7246221303939819,629;502;539;601,987,True,,"v4.0-K[2,6]-phiapprox-stickbreaking",convex
10016,0.03135330602526665,1.3648173080582637e-05,0.1914716362953186,0.8541054725646973,4.80471658706665,0.10626386851072311,0.4054577648639679,0.030837208032608032,,,,,,0.016559705138206482,0.04850383102893829,0.008475242182612419,4.337958048328261e-10,4.4576019718078896e-05,2.8054637368768454e-05,0.15904417634010315,0.22285455465316772,0.016440894454717636,0.7367050051689148,0.9623183012008667,0.05862756073474884,3.8238964080810547,5.74455451965332,0.4977966248989105,0.04951483756303787,0.1606409251689911,0.02876070886850357,0.1599346399307251,0.6667125225067139,0.1330859363079071,0.013245024718344212,0.05020890012383461,0.009791512973606586,1.0,8891.0,0,0.7246221303939819,629;502;539;601,987,True,,"v4.0-K[2,6]-phiapprox-stickbreaking",convex
10017,0.025271710008382797,1.37446986627765e-05,0.1314641386270523,0.9367003440856934,5.192512035369873,0.07903952151536942,0.48645997047424316,0.060902487486600876,,,,,,0.00556061090901494,0.05509636923670769,0.01502919476479292,4.271661913080038e-10,4.439938493305817e-05,4.014611477032304e-05,0.0683971494436264,0.18524712324142456,0.03081728331744671,0.867207407951355,0.9993963837623596,0.038460105657577515,4.397130966186523,5.8926215171813965,0.41651514172554016,0.03414062783122063,0.1230061948299408,0.023080728948116302,0.19767364859580994,0.7977310419082642,0.15521669387817383,0.023203212767839432,0.09597623348236084,0.018515685573220253,1.0,5929.0,0,0.7246221303939819,629;502;539;601,986,True,,"v4.0-K[2,6]-phiapprox-stickbreaking",convex
10018,0.021632889285683632,1.2937359315401409e-05,0.25652703642845154,0.8990482091903687,2.2604339122772217,0.09186738729476929,0.345704048871994,0.027041040360927582,,,,,,0.015289547853171825,0.028340820223093033,0.003377266926690936,1.31126472527332e-11,4.2586339986883104e-05,1.803779559850227e-05,0.19725891947746277,0.3151431083679199,0.030076827853918076,0.762022852897644,0.999814510345459,0.06988151371479034,2.000347137451172,2.655209541320801,0.21326400339603424,0.04086935520172119,0.14854644238948822,0.027498677372932434,0.07770735770463943,0.6422020196914673,0.14463989436626434,0.007374482229351997,0.04973755404353142,0.011586474254727364,1.0,10173.0,0,0.7246221303939819,629;502;539;601,986,True,,"v4.0-K[2,6]-phiapprox-stickbreaking",convex
10024,0.0363394096493721,1.3377928553381935e-05,0.21237832307815552,0.9320059418678284,3.7668471336364746,0.12265250831842422,0.48616713285446167,0.01830674335360527,,,,,,0.018252715468406677,0.056595586240291595,0.010127134621143341,6.076339431615452e-11,4.4147025619167835e-05,2.02441297005862e-05,0.17050376534461975,0.25073933601379395,0.02040967345237732,0.8307098150253296,0.9998229146003723,0.0520462766289711,2.5163164138793945,4.934378623962402,0.6333479285240173,0.05815690755844116,0.19698596000671387,0.03605935350060463,0.213372141122818,0.8001254796981812,0.15216203033924103,0.004766031634062529,0.03366412967443466,0.007844165898859501,1.0,9549.0,0,0.7246221303939819,629;502;539;601,718,True,,"v4.0-K[2,6]-phiapprox-stickbreaking",convex
10025,0.0235911775380373,1.3164974916435312e-05,0.2032640129327774,0.6954529881477356,2.407586097717285,0.22151143848896027,0.1653093844652176,0.05657653138041496,,,,,,0.010359554551541805,0.04063891991972923,0.008625512942671776,4.5467368758878024e-10,4.407326559885405e-05,1.8926628399640322e-05,0.08728182315826416,0.35050809383392334,0.06787226349115372,0.40340369939804077,0.9487656950950623,0.14667440950870514,2.00042724609375,3.1569266319274902,0.37356096506118774,0.129115030169487,0.3239195942878723,0.050606101751327515,9.100137958739651e-07,0.3458709120750427,0.09906083345413208,0.012029471807181835,0.10579399019479752,0.025622602552175522,1.0,7224.0,0,0.7246221303939819,629;502;539;601,414,True,,"v4.0-K[2,6]-phiapprox-stickbreaking",convex
10027,0.03874444589018822,1.3507359653885942e-05,0.16786979138851166,0.8745380640029907,2.740780830383301,0.09081430733203888,0.09544670581817627,0.032016631215810776,,,,,,0.024998880922794342,0.05339549854397774,0.007522583939135075,4.4974221569127337e-10,4.4483480451162905e-05,2.21327536564786e-05,0.08517386019229889,0.23045817017555237,0.03646472468972206,0.7127903699874878,0.9976603984832764,0.08344312012195587,2.0013601779937744,3.499082326889038,0.4267410635948181,0.025881808251142502,0.16198888421058655,0.035862043499946594,1.4707999071106315e-05,0.2764967679977417,0.09254851192235947,0.01366640254855156,0.05380145087838173,0.010414796881377697,1.0,6665.0,0,0.7246221303939819,629;502;539;601,718,True,,"v4.0-K[2,6]-phiapprox-stickbreaking",convex
10029,0.04240235313773155,1.3632524314743932e-05,0.1955808699131012,0.7651469707489014,3.3145787715911865,0.05961452051997185,0.13093768060207367,0.03586027771234512,,,,,,0.02406926453113556,0.062463488429784775,0.010133692994713783,4.4821080180668105e-10,4.529608122538775e-05,2.3051061361911707e-05,0.12473970651626587,0.25424087047576904,0.03320001810789108,0.5686953663825989,0.9541494250297546,0.10212919116020203,2.017544746398926,4.722588062286377,0.7671201825141907,0.010866544209420681,0.11326509714126587,0.028148716315627098,7.55580094846664e-06,0.37424665689468384,0.12381095439195633,0.014374538324773312,0.05757486820220947,0.011338673532009125,1.0,7348.0,0,0.7246221303939819,629;502;539;601,720,True,,"v4.0-K[2,6]-phiapprox-stickbreaking",convex
10030,0.04383380711078644,1.38955692818854e-05,0.13101248443126678,0.8862005472183228,3.122544527053833,0.0874674990773201,0.26057305932044983,0.01930674910545349,,,,,,0.02751294896006584,0.061118945479393005,0.008689222857356071,4.390988961322506e-10,4.552669997792691e-05,2.5948060283553787e-05,0.053303759545087814,0.20358571410179138,0.04099801555275917,0.7442909479141235,0.9983538389205933,0.07406659424304962,2.121652841567993,4.214944839477539,0.5650062561035156,0.029191499575972557,0.15348535776138306,0.03266961872577667,0.021451681852340698,0.5357746481895447,0.13944780826568604,0.005796455778181553,0.03541245311498642,0.008070504292845726,1.0,9240.0,0,0.7246221303939819,629;502;539;601,716,True,,"v4.0-K[2,6]-phiapprox-stickbreaking",convex
10031,0.025127826258540154,1.3641860277857631e-05,0.2062608003616333,0.8804481029510498,3.0983505249023438,0.09208793938159943,0.1492767035961151,0.05107121542096138,,,,,,0.012799602933228016,0.04105555638670921,0.007937912829220295,4.602233039108228e-10,4.5476808736566454e-05,2.0023544493597e-05,0.11151449382305145,0.27278047800064087,0.04081710800528526,0.7326251864433289,0.9988188743591309,0.07698152959346771,2.0459909439086914,4.160068511962891,0.5816519260406494,0.03129270300269127,0.1588250994682312,0.03326156362891197,3.547899177647196e-05,0.37706127762794495,0.11896973848342896,0.016770977526903152,0.08612439036369324,0.018322456628084183,1.0,5620.0,0,0.7246221303939819,629;502;539;601,719,True,,"v4.0-K[2,6]-phiapprox-stickbreaking",convex
10035,0.022391527891159058,1.3543251043302007e-05,0.18342331051826477,0.9446848034858704,2.9676239490509033,0.128987118601799,0.06226241961121559,0.029023712500929832,,,,,,0.013238154351711273,0.032332971692085266,0.004973503295332193,4.676939946435255e-10,4.515849650488235e-05,2.1057887352071702e-05,0.12258372455835342,0.24165725708007812,0.030524320900440216,0.8574113845825195,0.9998049736022949,0.04442312940955162,2.208122730255127,3.7063865661621094,0.36795198917388916,0.060838304460048676,0.20113587379455566,0.036077238619327545,2.717462166401674e-07,0.1720941960811615,0.05627837032079697,0.007690362632274628,0.052234210073947906,0.011923613958060741,1.0,9124.0,0,0.7246221303939819,629;502;539;601,717,True,,"v4.0-K[2,6]-phiapprox-stickbreaking",convex
10036,0.017259977757930756,1.3240020962257404e-05,0.3918313682079315,0.8341476917266846,2.4901926517486572,0.12243892252445221,0.055027786642313004,0.028494827449321747,,,,,,0.012513228692114353,0.022425636649131775,0.002548189600929618,2.614480021367882e-10,4.498664929997176e-05,1.8644479496288113e-05,0.3345452845096588,0.448221355676651,0.028981097042560577,0.6593993902206421,0.9904674887657166,0.0914544016122818,2.0000104904174805,3.2682366371154785,0.3936285376548767,0.05659220740199089,0.18364009261131287,0.03322650119662285,1.0051561730506364e-05,0.16377630829811096,0.05375894159078598,0.0061525385826826096,0.055432964116334915,0.013577070087194443,1.0,9402.0,0,0.7246221303939819,629;502;539;601,713,True,,"v4.0-K[2,6]-phiapprox-stickbreaking",convex
10039,0.01960804872214794,1.3123459211783484e-05,0.2271045297384262,0.9306580424308777,2.8389484882354736,0.10172385722398758,0.13521508872509003,0.0264737568795681,,,,,,0.013299154117703438,0.026581896468997,0.00347502832300961,4.6160705813313996e-10,4.352359610493295e-05,1.948089811776299e-05,0.18345928192138672,0.2704858183860779,0.022415166720747948,0.8308121562004089,0.9998108148574829,0.05123177170753479,2.1672816276550293,3.455704689025879,0.32336264848709106,0.037189483642578125,0.1704513132572174,0.034650467336177826,1.8022683434537612e-05,0.3267403244972229,0.10148943960666656,0.0059335483238101006,0.04907772317528725,0.012040372006595135,1.0,9270.0,0,0.7246221303939819,629;502;539;601,711,True,,"v4.0-K[2,6]-phiapprox-stickbreaking",convex
10041,0.012275494635105133,1.2754578165186103e-05,0.4605042636394501,0.6735427379608154,2.318009376525879,0.17001260817050934,0.6238284707069397,0.057185158133506775,,,,,,0.0076505509205162525,0.017205459997057915,0.002488832687959075,4.5455453290266234e-10,4.236322274664417e-05,1.6451729607069865e-05,0.3540906012058258,0.5633038282394409,0.054446227848529816,0.41897135972976685,0.904275119304657,0.1254899501800537,2.000095844268799,2.9833362102508545,0.3540191650390625,0.10432509332895279,0.23603439331054688,0.03396867960691452,0.3632216453552246,0.8842346668243408,0.1343248188495636,0.009508686140179634,0.11745095998048782,0.03007913939654827,1.0,8431.0,0,0.7246221303939819,629;502;539;601,696,True,,"v4.0-K[2,6]-phiapprox-stickbreaking",convex
10043,0.015367529354989529,1.3672414752363693e-05,0.3545924425125122,0.8857941031455994,2.5292835235595703,0.15250985324382782,0.06488929688930511,0.038542263209819794,,,,,,0.009421849623322487,0.02236081287264824,0.003719563130289316,4.6275780429816393e-10,4.4787462684325874e-05,2.3307473384193145e-05,0.26937729120254517,0.44365137815475464,0.04436435177922249,0.7185803651809692,0.997959554195404,0.08221088349819183,2.000208854675293,3.6973938941955566,0.5115835666656494,0.08542212098836899,0.21633607149124146,0.033950064331293106,5.260228135739453e-06,0.17474514245986938,0.055465903133153915,0.00836964137852192,0.07679551094770432,0.018878135830163956,1.0,6045.0,0,0.7246221303939819,629;502;539;601,716,True,,"v4.0-K[2,6]-phiapprox-stickbreaking",convex
10044,0.015369253233075142,1.294514731853269e-05,0.35515302419662476,0.886108934879303,2.536940813064575,0.15250548720359802,0.06475937366485596,0.03856281936168671,,,,,,0.009258398786187172,0.02245187945663929,0.0038799685426056385,4.4242792762716476e-10,4.314477337175049e-05,1.7548245523357764e-05,0.27027150988578796,0.44503575563430786,0.04414330795407295,0.7164503335952759,0.9970893859863281,0.08318492770195007,2.000236988067627,3.7127833366394043,0.5173765420913696,0.09016115218400955,0.2181311845779419,0.03314847871661186,1.5584149878122844e-05,0.1749626100063324,0.05586487427353859,0.007919849827885628,0.07565368711948395,0.018903376534581184,1.0,6029.0,0,0.7246221303939819,629;502;539;601,716,True,,"v4.0-K[2,6]-phiapprox-stickbreaking",convex
10047,0.02076689898967743,1.3053288967057597e-05,0.2979304790496826,0.9305856227874756,2.660299777984619,0.12603987753391266,0.13628128170967102,0.0337754525244236,,,,,,0.01440479326993227,0.028074484318494797,0.0035671782679855824,4.6148429522219203e-10,4.241738497512415e-05,1.8498007193556987e-05,0.24666261672973633,0.3482329845428467,0.026145026087760925,0.8259886503219604,0.9998037815093994,0.053933851420879364,2.0066893100738525,3.264166831970215,0.3433542251586914,0.058063603937625885,0.1943087875843048,0.03494473919272423,3.3859084851428634e-06,0.3024209141731262,0.08861470222473145,0.008871619589626789,0.06053847447037697,0.013839584775269032,1.0,9409.0,0,0.7246221303939819,629;502;539;601,717,True,,"v4.0-K[2,6]-phiapprox-stickbreaking",convex
10050,0.01848992519080639,1.317156056757085e-05,0.24238483607769012,0.7113397121429443,2.593189001083374,0.13221319019794464,0.048186954110860825,0.03001900017261505,,,,,,0.012860553339123726,0.025024928152561188,0.003210879862308502,4.4099224272287074e-10,4.322214226704091e-05,1.9390628949622624e-05,0.11709470301866531,0.37795883417129517,0.06685447692871094,0.5065776705741882,0.918368935585022,0.10691320896148682,2.003405809402466,3.2195441722869873,0.3645471930503845,0.06546569615602493,0.2038297951221466,0.03591392561793327,2.6341211878389004e-07,0.13857120275497437,0.04614651948213577,0.006041267886757851,0.05801018327474594,0.014100710861384869,1.0,7809.0,0,0.7246221303939819,629;502;539;601,717,True,,"v4.0-K[2,6]-phiapprox-stickbreaking",convex
10051,0.021734803915023804,1.3199294699006714e-05,0.20865920186042786,0.8764738440513611,3.3281805515289307,0.11856768280267715,0.08683941513299942,0.037779711186885834,,,,,,0.01306548435240984,0.030469028279185295,0.004597225692123175,4.530040786931977e-10,4.376504148240201e-05,2.068657340714708e-05,0.15438976883888245,0.2653627395629883,0.027860146015882492,0.7327178716659546,0.9982196688652039,0.07712841778993607,2.0171287059783936,4.707890033721924,0.8282114267349243,0.04756397381424904,0.19199281930923462,0.037292368710041046,1.4418907994695473e-05,0.23991790413856506,0.07764632254838943,0.013176893815398216,0.06514293700456619,0.013835701160132885,1.0,4214.0,0,0.7246221303939819,629;502;539;601,709,True,,"v4.0-K[2,6]-phiapprox-stickbreaking",convex
10052,0.029053928330540657,1.3268555449030828e-05,0.3712841272354126,0.7638629078865051,2.8316261768341064,0.1473006010055542,0.10309742391109467,0.06112101674079895,,,,,,0.013844680041074753,0.04765785485506058,0.009273920208215714,2.704195201097548e-10,4.353930489742197e-05,1.9005885405931622e-05,0.2400645911693573,0.5194708108901978,0.08066271990537643,0.5620880722999573,0.9692041277885437,0.10722613334655762,2.003048896789551,3.7615654468536377,0.5111221075057983,0.0784607008099556,0.21925127506256104,0.03650853782892227,6.016193765390199e-06,0.2528596520423889,0.07808855175971985,0.017728328704833984,0.1084006279706955,0.024609342217445374,1.0,4955.0,0,0.7246221303939819,629;502;539;601,709,True,,"v4.0-K[2,6]-phiapprox-stickbreaking",convex
10055,0.045870501548051834,1.3434028005576693e-05,0.15394920110702515,0.8963205814361572,3.4992382526397705,0.06877382099628448,0.1805451214313507,0.10488484799861908,,,,,,0.021440619602799416,0.07607636600732803,0.014039331115782261,3.0643562687338033e-10,4.4589367462322116e-05,2.1059307982795872e-05,0.07367446273565292,0.21788692474365234,0.03807317465543747,0.7468820810317993,0.9987252354621887,0.07647719979286194,2.2979495525360107,4.924917221069336,0.6697365045547485,0.015878938138484955,0.12568077445030212,0.029377201572060585,9.763334674062207e-06,0.4522213339805603,0.13881011307239532,0.07120944559574127,0.141499325633049,0.01801997423171997,1.0,7514.0,0,0.7246221303939819,629;502;539;601,719,True,,"v4.0-K[2,6]-phiapprox-stickbreaking",convex
10057,0.021259170025587082,1.3122324162395671e-05,0.28822341561317444,0.7890885472297668,2.9911725521087646,0.07467272877693176,0.05511495843529701,0.07401975989341736,,,,,,0.013409373350441456,0.02977476827800274,0.004282716196030378,4.50494891390818e-10,4.387059379951097e-05,1.999679079744965e-05,0.24452167749404907,0.3360254764556885,0.02367878518998623,0.6103943586349487,0.9658557176589966,0.09305266290903091,2.0739128589630127,3.9603891372680664,0.5082180500030518,0.024673759937286377,0.1327812671661377,0.02861255221068859,1.5408753824885935e-05,0.17123308777809143,0.06051180884242058,0.030556173995137215,0.12118682265281677,0.023735497146844864,1.0,9867.0,0,0.7246221303939819,629;502;539;601,712,True,,"v4.0-K[2,6]-phiapprox-stickbreaking",convex
10058,0.014770353212952614,1.2873866580775939e-05,0.28001898527145386,0.9356849193572998,2.3546316623687744,0.0784260481595993,0.16546843945980072,0.04670453444123268,,,,,,0.006826135329902172,0.02631516382098198,0.0055538080632686615,3.638657708471271e-10,4.3449836084619164e-05,1.732505188556388e-05,0.18025866150856018,0.4042895436286926,0.05813270062208176,0.8277271389961243,0.9996826648712158,0.05481158196926117,2.0014290809631348,2.815812587738037,0.25402402877807617,0.023240819573402405,0.13805414736270905,0.029878929257392883,2.3006707579042995e-06,0.4299323260784149,0.13531844317913055,0.00948034506291151,0.09190062433481216,0.022886591032147408,1.0,6094.0,0,0.7246221303939819,629;502;539;601,697,True,,"v4.0-K[2,6]-phiapprox-stickbreaking",convex
10059,0.04523283988237381,1.3677463357453234e-05,0.20897351205348969,0.8901480436325073,3.469414472579956,0.08621034771203995,0.6464450359344482,0.03662892058491707,,,,,,0.019041268154978752,0.07127943634986877,0.013966177590191364,4.402803954750567e-10,4.38967726950068e-05,2.6020215955213644e-05,0.17070651054382324,0.24369949102401733,0.018803566694259644,0.7487007975578308,0.9998905062675476,0.07408566027879715,2.141636371612549,4.813531875610352,0.7154222726821899,0.03573048859834671,0.13415956497192383,0.0257376991212368,0.3528018593788147,0.9329190254211426,0.15547047555446625,0.012998613528907299,0.06142125278711319,0.012570073828101158,1.0,7455.0,0,0.7246221303939819,629;502;539;601,718,True,,"v4.0-K[2,6]-phiapprox-stickbreaking",convex
10062,0.03325612097978592,1.349223566649016e-05,0.11167103797197342,0.9503014087677002,4.427586555480957,0.04724549129605293,0.08149993419647217,0.02550540119409561,,,,,,0.013528924435377121,0.055814098566770554,0.01145478431135416,4.35273594945329e-10,4.454095324035734e-05,2.107001819240395e-05,0.042325709015131,0.1757654845714569,0.034527864307165146,0.8749384880065918,0.9998741745948792,0.03826479613780975,3.4316868782043457,5.511662483215332,0.524615466594696,0.007499123457819223,0.09771411865949631,0.02528012916445732,1.3409739949565846e-06,0.2694035470485687,0.09318941831588745,0.010580095462501049,0.042744431644678116,0.008468755520880222,1.0,8210.0,0,0.7246221303939819,629;502;539;601,718,True,,"v4.0-K[2,6]-phiapprox-stickbreaking",convex
10063,0.012354184873402119,1.3257864338811487e-05,0.2934904098510742,0.4933610260486603,3.364902973175049,0.17298753559589386,0.22262410819530487,0.04927321523427963,,,,,,0.00836118683218956,0.016582123935222626,0.0021359738893806934,4.504112083303369e-10,4.419498145580292e-05,1.9007822629646398e-05,0.19575616717338562,0.38904938101768494,0.047124020755290985,0.31676581501960754,0.6867682933807373,0.09456409513950348,2.031231641769409,4.8293137550354,0.78073650598526,0.10003409534692764,0.2467021644115448,0.03760424256324768,0.010109868831932545,0.41289740800857544,0.10639790445566177,0.009237305261194706,0.10132252424955368,0.02602219209074974,1.0,8468.0,0,0.7246221303939819,629;502;539;601,713,True,,"v4.0-K[2,6]-phiapprox-stickbreaking",convex
10064,0.01752198114991188,1.3214446880738251e-05,0.2007158398628235,0.7579097747802734,2.7381410598754883,0.10308611392974854,0.18831077218055725,0.04864395782351494,,,,,,0.011226817965507507,0.025161759927868843,0.0038540619425475597,4.565109956722324e-10,4.419226388563402e-05,1.9532631995389238e-05,0.10332898795604706,0.27642619609832764,0.04340269789099693,0.5644024610519409,0.9293116331100464,0.09542614221572876,2.0061535835266113,3.486229181289673,0.42163920402526855,0.046078987419605255,0.17017582058906555,0.03224674612283707,0.00014738988829776645,0.4161909818649292,0.12438132613897324,0.012833108194172382,0.09410946071147919,0.022264162078499794,1.0,6148.0,0,0.7246221303939819,629;502;539;601,712,True,,"v4.0-K[2,6]-phiapprox-stickbreaking",convex
10065,0.03672946244478226,1.375665669911541e-05,0.14122113585472107,0.9445006251335144,4.446023464202881,0.08889298141002655,0.5544484853744507,0.03382543846964836,,,,,,0.011770067736506462,0.06817580759525299,0.015714719891548157,4.328060687619484e-10,4.442906356416643e-05,2.4382532501476817e-05,0.07415097206830978,0.21450719237327576,0.03753618150949478,0.8646073937416077,0.999748945236206,0.04230226203799248,3.3380513191223145,5.742511749267578,0.6113139390945435,0.042249441146850586,0.1410195529460907,0.025922153145074844,0.28185319900512695,0.8723388910293579,0.1538749784231186,0.011609155684709549,0.05692035332322121,0.011765054427087307,1.0,9152.0,0,0.7246221303939819,629;502;539;601,719,True,,"v4.0-K[2,6]-phiapprox-stickbreaking",convex
10066,0.039436209946870804,1.3129928447597194e-05,0.13180655241012573,0.9051868319511414,3.4744808673858643,0.1060580462217331,0.4274844229221344,0.03228626400232315,,,,,,0.018103526905179024,0.06355664134025574,0.012235928326845169,4.620017424183942e-10,4.365323547972366e-05,1.929971040226519e-05,0.05657844617962837,0.2039337456226349,0.03967166319489479,0.7867100238800049,0.9986972808837891,0.06196108087897301,2.4069454669952393,4.6090898513793945,0.56911700963974,0.04758360609412193,0.1693364679813385,0.031641047447919846,0.16727706789970398,0.7188460230827332,0.1438029408454895,0.009881185367703438,0.05559772253036499,0.012047677300870419,1.0,9445.0,0,0.7246221303939819,629;502;539;601,706,True,,"v4.0-K[2,6]-phiapprox-stickbreaking",convex
10067,0.009806272573769093,1.2841060197388288e-05,0.38852936029434204,0.8387956619262695,2.451479911804199,0.09829647094011307,0.06264736503362656,0.03753755986690521,,,,,,0.006649484857916832,0.013384277001023293,0.0017179844435304403,4.364806571732771e-10,4.3541640479816124e-05,1.6759629943408072e-05,0.30526500940322876,0.47297564148902893,0.042988959699869156,0.6814776659011841,0.9886382222175598,0.08275880664587021,2.000741958618164,2.969498634338379,0.2876262664794922,0.043773114681243896,0.15471836924552917,0.02873101830482483,9.0604766000979e-07,0.18105080723762512,0.06035293638706207,0.007888617925345898,0.07430345565080643,0.018357040360569954,1.0,8574.0,0,0.7246221303939819,629;502;539;601,716,True,,"v4.0-K[2,6]-phiapprox-stickbreaking",convex
10071,0.03991948440670967,1.4006030141899828e-05,0.1945885866880417,0.905012845993042,3.531862258911133,0.08705488592386246,0.5398815870285034,0.0409495085477829,,,,,,0.019749373197555542,0.06227106600999832,0.011215348728001118,4.333252090482631e-10,4.6042165195103735e-05,2.6712821636465378e-05,0.1571386605501175,0.22983700037002563,0.019128695130348206,0.7808009386062622,0.9988036155700684,0.0645461156964302,2.2682220935821533,4.818860054016113,0.6692221760749817,0.03760499507188797,0.14296463131904602,0.027716707438230515,0.2402401566505432,0.8915565609931946,0.17222163081169128,0.01802382990717888,0.06447210907936096,0.012262361124157906,1.0,9399.0,0,0.7246221303939819,629;502;539;601,720,True,,"v4.0-K[2,6]-phiapprox-stickbreaking",convex
10072,0.02881205826997757,1.3296364159032237e-05,0.21718411147594452,0.723860502243042,4.137662410736084,0.05574246123433113,0.278596431016922,0.028572112321853638,,,,,,0.0185554176568985,0.039575912058353424,0.005373431369662285,4.359850258595088e-10,4.286310286261141e-05,2.24724044528557e-05,0.1754709780216217,0.2577175796031952,0.021599873900413513,0.5663266181945801,0.878708004951477,0.0803421214222908,2.6025538444519043,5.378774642944336,0.7133476734161377,0.01244698092341423,0.10484534502029419,0.024715639650821686,9.280197264160961e-05,0.620401918888092,0.17780518531799316,0.007748147007077932,0.050750408321619034,0.011491621844470501,1.0,8180.0,0,0.7246221303939819,629;502;539;601,718,True,,"v4.0-K[2,6]-phiapprox-stickbreaking",convex
10073,0.028884587809443474,1.3233024219516665e-05,0.21705780923366547,0.723035454750061,4.1307196617126465,0.05567386746406555,0.28096216917037964,0.028649207204580307,,,,,,0.01931142807006836,0.03963842615485191,0.005268757697194815,3.5791261621120896e-10,4.3391766666900367e-05,1.9378327124286443e-05,0.17562472820281982,0.2573959231376648,0.020948557183146477,0.5682952404022217,0.881263256072998,0.08081396669149399,2.623365879058838,5.389764785766602,0.7094494104385376,0.013146419078111649,0.10360357910394669,0.02435651607811451,5.87087452004198e-05,0.6207898259162903,0.17761805653572083,0.00838965643197298,0.05131620913743973,0.01150416024029255,1.0,8104.0,0,0.7246221303939819,629;502;539;601,718,True,,"v4.0-K[2,6]-phiapprox-stickbreaking",convex
10074,0.023779911920428276,1.3425884390017018e-05,0.12323249131441116,0.7352522015571594,3.865830183029175,0.1293649971485138,0.6098677515983582,0.05290769785642624,,,,,,0.012614198960363865,0.03590349107980728,0.006149152759462595,1.5359784277801936e-10,4.3318879761500284e-05,2.0076393411727622e-05,0.06276757270097733,0.1865510642528534,0.03170369192957878,0.5510895848274231,0.9334356784820557,0.09696777164936066,2.2733547687530518,5.234655380249023,0.7905872464179993,0.0670369416475296,0.1930083930492401,0.03229137137532234,0.339538037776947,0.888701856136322,0.14258816838264465,0.01474362425506115,0.09100452810525894,0.020092157647013664,1.0,7319.0,0,0.7246221303939819,629;502;539;601,717,True,,"v4.0-K[2,6]-phiapprox-stickbreaking",convex
10075,0.02715078368782997,1.345794771623332e-05,0.19703201949596405,0.8306441903114319,3.5772438049316406,0.13384036719799042,0.05735031142830849,0.08077269792556763,,,,,,0.011607687920331955,0.046493880450725555,0.009329129941761494,2.4779309160116725e-10,4.4175132643431425e-05,2.1566605937550776e-05,0.15006721019744873,0.24347639083862305,0.02441449835896492,0.6628994345664978,0.9961477518081665,0.09209277480840683,2.374877452850342,4.8954386711120605,0.6535379886627197,0.0646594911813736,0.20317643880844116,0.03630279377102852,3.4643551316548837e-06,0.16398319602012634,0.052475880831480026,0.033943697810173035,0.12517409026622772,0.02321486920118332,1.0,7713.0,0,0.7246221303939819,629;502;539;601,717,True,,"v4.0-K[2,6]-phiapprox-stickbreaking",convex
10076,0.01713726855814457,1.3181248505134135e-05,0.29953742027282715,0.9078019857406616,2.5236265659332275,0.21728414297103882,0.45770561695098877,0.024387381970882416,,,,,,0.011276809498667717,0.022953711450099945,0.0029998787213116884,3.9155745312768886e-10,4.346335117588751e-05,1.9672845155582763e-05,0.23913821578025818,0.3620372414588928,0.0314047709107399,0.7799735069274902,0.9993791580200195,0.06600004434585571,2.000877618789673,3.0484628677368164,0.30911701917648315,0.1384907066822052,0.29020971059799194,0.038968268781900406,0.28456181287765503,0.6574467420578003,0.09599476307630539,0.004533689469099045,0.04739491641521454,0.011771004647016525,1.0,8768.0,0,0.7246221303939819,629;502;539;601,710,True,,"v4.0-K[2,6]-phiapprox-stickbreaking",convex
10077,0.02476579323410988,1.336027435172582e-05,0.14202560484409332,0.7728456258773804,3.558823347091675,0.050068605691194534,0.2002490609884262,0.04825541377067566,,,,,,0.014293254353106022,0.036764856427907944,0.006022194866091013,4.634869432695865e-10,4.503911259234883e-05,1.8848506442736834e-05,0.06896627694368362,0.20859938859939575,0.036304183304309845,0.5916388034820557,0.9492419958114624,0.09301590919494629,2.0472207069396973,4.955246925354004,0.7543902397155762,0.010131542570888996,0.09419135749340057,0.022951604798436165,5.956747554591857e-05,0.5269222855567932,0.16346988081932068,0.01472841389477253,0.08322788774967194,0.018130425363779068,1.0,7404.0,0,0.7246221303939819,629;502;539;601,719,True,,"v4.0-K[2,6]-phiapprox-stickbreaking",convex
10078,0.024004414677619934,1.3603828847408295e-05,0.14998148381710052,0.8095887303352356,3.224379301071167,0.06842875480651855,0.41336506605148315,0.0477554090321064,,,,,,0.013534101657569408,0.03534466773271561,0.00608378229662776,4.6399672992691876e-10,4.472251021070406e-05,2.622768261062447e-05,0.0752130076289177,0.22510352730751038,0.03906114399433136,0.6397190093994141,0.966866135597229,0.08799455314874649,2.084181308746338,4.260843753814697,0.5859088897705078,0.01981743983924389,0.11851171404123306,0.02589494362473488,0.05456317216157913,0.7896549701690674,0.18792672455310822,0.013534368015825748,0.0844896212220192,0.01915309764444828,1.0,9074.0,0,0.7246221303939819,629;502;539;601,719,True,,"v4.0-K[2,6]-phiapprox-stickbreaking",convex
10079,0.026922477409243584,1.3290085917105898e-05,0.15340857207775116,0.9444499611854553,2.997480630874634,0.11522193998098373,0.10243306308984756,0.03543781861662865,,,,,,0.016322828829288483,0.03892408311367035,0.006009943783283234,4.513221185664662e-10,4.285144677851349e-05,2.2721576897311024e-05,0.077150858938694,0.22854170203208923,0.037751633673906326,0.8541792631149292,0.999851644039154,0.04573962092399597,2.2517919540405273,3.693767547607422,0.3568682372570038,0.042513709515333176,0.18839013576507568,0.03801170736551285,7.898810508777387e-06,0.259872168302536,0.08424422889947891,0.013135273940861225,0.06002779304981232,0.012454316951334476,1.0,8340.0,0,0.7246221303939819,629;502;539;601,719,True,,"v4.0-K[2,6]-phiapprox-stickbreaking",convex
10081,0.027032040059566498,1.3390358617471065e-05,0.270003080368042,0.8002363443374634,3.353182315826416,0.141187846660614,0.01994222030043602,0.02324032597243786,,,,,,0.018604028970003128,0.036351580172777176,0.004614804405719042,9.702628978036643e-11,4.3906587961828336e-05,2.0035182387800887e-05,0.2360362410545349,0.30820363759994507,0.01849706657230854,0.646325409412384,0.9479842782020569,0.07946925610303879,2.5208797454833984,4.379179000854492,0.48151540756225586,0.0684082880616188,0.21515199542045593,0.03773922100663185,9.906432296702405e-07,0.059202685952186584,0.020375821739435196,0.005347599275410175,0.04264085367321968,0.010049930773675442,1.0,9628.0,0,0.7246221303939819,629;502;539;601,716,True,,"v4.0-K[2,6]-phiapprox-stickbreaking",convex
10083,0.03132796660065651,1.3662073797604535e-05,0.2693164646625519,0.6239355206489563,2.877877950668335,0.09653209149837494,0.1305939257144928,0.045430053025484085,,,,,,0.019943546503782272,0.04329391196370125,0.006093437783420086,4.5590070607559596e-10,4.3641499360091984e-05,2.92229451588355e-05,0.17776960134506226,0.356289267539978,0.04499581828713417,0.3754408657550812,0.8716885447502136,0.12782977521419525,2.0018489360809326,4.102288246154785,0.6328130960464478,0.032651226967573166,0.16155731678009033,0.03372177481651306,2.785957622108981e-05,0.3221137821674347,0.10247042775154114,0.01746237836778164,0.07762236893177032,0.01609402894973755,1.0,7581.0,0,0.7246221303939819,629;502;539;601,703,True,,"v4.0-K[2,6]-phiapprox-stickbreaking",convex
10084,0.03909027576446533,1.3257962564239278e-05,0.09700926393270493,0.9556684494018555,5.425190448760986,0.06385142356157303,0.5656967759132385,0.04113610461354256,,,,,,0.008158007636666298,0.0747319906949997,0.018155230209231377,4.53735549132972e-10,4.390537287690677e-05,2.055260665656533e-05,0.043286584317684174,0.1494898945093155,0.02760402485728264,0.8898413777351379,0.9998937249183655,0.033496394753456116,4.751988410949707,5.99007511138916,0.36317193508148193,0.026671448722481728,0.10570194572210312,0.0209572184830904,0.23306649923324585,0.9229840636253357,0.18341146409511566,0.02152261883020401,0.06266853958368301,0.01076393574476242,1.0,9755.0,0,0.7246221303939819,629;502;539;601,717,True,,"v4.0-K[2,6]-phiapprox-stickbreaking",convex
10086,0.02275822125375271,1.2895935469714459e-05,0.19530950486660004,0.4844592213630676,2.713620662689209,0.7615531086921692,0.6133366227149963,0.08032289147377014,,,,,,0.008816128596663475,0.03896678611636162,0.007998968474566936,4.6398307418371587e-10,4.323304892750457e-05,1.7981579730985686e-05,0.054045237600803375,0.3438369035720825,0.07619460672140121,0.20603659749031067,0.7935829162597656,0.15314981341362,2.0006260871887207,4.090435028076172,0.6511707901954651,0.7009948492050171,0.8177088499069214,0.03006371110677719,0.481877863407135,0.7379733920097351,0.06606822460889816,0.020096352323889732,0.15494196116924286,0.036798615008592606,1.0,8144.0,0,0.7246221303939819,629;502;539;601,630,True,,"v4.0-K[2,6]-phiapprox-stickbreaking",convex
10087,0.024978769943118095,1.3518083505914547e-05,0.1646694391965866,0.9077661037445068,3.855766534805298,0.10741923749446869,0.45358526706695557,0.03714533895254135,,,,,,0.01270361803472042,0.0388401560485363,0.006834795232862234,2.543543153876726e-10,4.388104935060255e-05,2.0541501726256683e-05,0.10986942797899246,0.21880540251731873,0.028405889868736267,0.7953507900238037,0.9987631440162659,0.0587686263024807,2.6593053340911865,5.040144920349121,0.6287709474563599,0.04496004432439804,0.16794618964195251,0.03238711506128311,0.19644170999526978,0.7732486724853516,0.15045738220214844,0.013837620615959167,0.06399668008089066,0.013284747488796711,1.0,8299.0,0,0.7246221303939819,629;502;539;601,714,True,,"v4.0-K[2,6]-phiapprox-stickbreaking",convex
10088,0.035677362233400345,1.3139463590050582e-05,0.14440816640853882,0.9302421808242798,3.9099888801574707,0.08093974739313126,0.6660095453262329,0.01784529909491539,,,,,,0.021157478913664818,0.05182768777012825,0.00800594687461853,8.350969221693205e-11,4.31364169344306e-05,1.8458706108503975e-05,0.07447139173746109,0.20774871110916138,0.035886120051145554,0.8339511156082153,0.9996751546859741,0.049402084201574326,2.7587790489196777,4.9751763343811035,0.5632583498954773,0.03514378145337105,0.12970414757728577,0.024739407002925873,0.3808266520500183,0.966565728187561,0.15816262364387512,0.004757158923894167,0.03240722790360451,0.007491159252822399,1.0,8458.0,0,0.7246221303939819,629;502;539;601,720,True,,"v4.0-K[2,6]-phiapprox-stickbreaking",convex
10089,0.022364554926753044,1.3263208529679105e-05,0.22646678984165192,0.8958690166473389,2.980759620666504,0.06024531275033951,0.0846223309636116,0.028827346861362457,,,,,,0.015826193615794182,0.029084861278533936,0.0034132678993046284,4.465370573303318e-10,4.418719981913455e-05,1.851332672231365e-05,0.18888908624649048,0.26410597562789917,0.01937994547188282,0.7748897075653076,0.9984846115112305,0.06469803303480148,2.305177927017212,3.6275744438171387,0.3234882950782776,0.010197357274591923,0.11174941062927246,0.0272519551217556,2.007653165492229e-06,0.25842586159706116,0.09326735883951187,0.009450474753975868,0.049814097583293915,0.010723053477704525,1.0,8472.0,0,0.7246221303939819,629;502;539;601,716,True,,"v4.0-K[2,6]-phiapprox-stickbreaking",convex
10092,0.03980070352554321,1.2974159290024545e-05,0.18899103999137878,0.8981662392616272,3.4839718341827393,0.09261971712112427,0.23446741700172424,0.053631093353033066,,,,,,0.01891738548874855,0.06285518407821655,0.01147974468767643,4.709572176686549e-10,4.3491854739841074e-05,1.733503995637875e-05,0.14562268555164337,0.23360595107078552,0.02234833873808384,0.7561812400817871,0.9995735287666321,0.07313371449708939,2.300567388534546,4.70975399017334,0.62762051820755,0.034484319388866425,0.1589866280555725,0.03248832747340202,0.0013919556513428688,0.48386019468307495,0.13493889570236206,0.02628760226070881,0.08140912652015686,0.014475596137344837,1.0,8734.0,0,0.7246221303939819,629;502;539;601,714,True,,"v4.0-K[2,6]-phiapprox-stickbreaking",convex
10093,0.022259393706917763,1.3343204045668244e-05,0.3586581349372864,0.8348639011383057,2.4351630210876465,0.10619816184043884,0.5551067590713501,0.036893587559461594,,,,,,0.0146081717684865,0.030014753341674805,0.003966782707720995,1.8311990812591716e-10,4.463598088477738e-05,1.8722705135587603e-05,0.24996641278266907,0.44888168573379517,0.050370294600725174,0.6564077138900757,0.9974485635757446,0.09648057073354721,2.000886917114258,3.1413896083831787,0.35611292719841003,0.05568267032504082,0.1639687716960907,0.027886537835001945,0.2634798288345337,0.8419196605682373,0.14879196882247925,0.006950121372938156,0.06935808062553406,0.016868464648723602,1.0,8231.0,0,0.7246221303939819,629;502;539;601,712,True,,"v4.0-K[2,6]-phiapprox-stickbreaking",convex
10094,0.010748624801635742,1.334216085524531e-05,0.2608190178871155,0.7942850589752197,2.7278153896331787,0.054867424070835114,0.11956173926591873,0.06551188975572586,,,,,,0.004780232440680265,0.01888350397348404,0.004017526749521494,4.5259140879494453e-10,4.295179678592831e-05,2.1718651623814367e-05,0.10035695135593414,0.3839111924171448,0.08974721282720566,0.6375232338905334,0.9565402269363403,0.08264371752738953,2.0235800743103027,3.336174964904785,0.35574743151664734,0.010796433314681053,0.10306703299283981,0.0246902946382761,1.4028499890628154e-06,0.36435288190841675,0.11931600421667099,0.011185025796294212,0.13728412985801697,0.03479468822479248,1.0,2298.0,0,0.7246221303939819,629;502;539;601,709,True,,"v4.0-K[2,6]-phiapprox-stickbreaking",convex
10095,0.04311955347657204,1.3650273103849031e-05,0.3754118084907532,0.8184806704521179,2.926344156265259,0.09360179305076599,0.03906876593828201,0.04393651708960533,,,,,,0.02530965395271778,0.06231318414211273,0.009702146984636784,4.550072818521045e-10,4.427415115060285e-05,2.2792724848841317e-05,0.31502607464790344,0.43372970819473267,0.030362440273165703,0.6313676834106445,0.991328239440918,0.10048088431358337,2.006920337677002,3.8691396713256836,0.5068469643592834,0.03416164219379425,0.15470656752586365,0.0314154252409935,2.4564526484027738e-06,0.1187734305858612,0.04137597978115082,0.018060913309454918,0.07485563308000565,0.014925329945981503,1.0,8632.0,0,0.7246221303939819,629;502;539;601,712,True,,"v4.0-K[2,6]-phiapprox-stickbreaking",convex
10097,0.018968891352415085,1.3322195627551991e-05,0.29664725065231323,0.9100982546806335,2.321030855178833,0.07881993055343628,0.05826295167207718,0.04616209864616394,,,,,,0.013114781118929386,0.025504954159259796,0.0031820705626159906,4.381320861668314e-10,4.351530151325278e-05,2.3105098080122843e-05,0.23404955863952637,0.35971131920814514,0.03208465501666069,0.7780195474624634,0.9997485280036926,0.06750023365020752,2.000070095062256,2.7653098106384277,0.2465437948703766,0.02281130477786064,0.13499204814434052,0.029246658086776733,1.93294181372039e-06,0.17556238174438477,0.06187955290079117,0.016467642039060593,0.07901010662317276,0.016504069790244102,1.0,9482.0,0,0.7246221303939819,629;502;539;601,717,True,,"v4.0-K[2,6]-phiapprox-stickbreaking",convex
10098,0.028569407761096954,1.336799505224917e-05,0.18047454953193665,0.8705130219459534,3.1895713806152344,0.0917428582906723,0.0737481340765953,0.04410602152347565,,,,,,0.016254309564828873,0.04351792111992836,0.007232788950204849,4.514024154467222e-10,4.432253626873717e-05,2.2245405489229597e-05,0.10596989095211029,0.2508505880832672,0.03679151087999344,0.7245726585388184,0.9983409643173218,0.07948169857263565,2.0984325408935547,4.283489227294922,0.5948036909103394,0.03288792446255684,0.15216298401355743,0.0314384289085865,3.825548901659204e-06,0.20664018392562866,0.06864799559116364,0.01732771098613739,0.07430683076381683,0.015083945356309414,1.0,8812.0,0,0.7246221303939819,629;502;539;601,712,True,,"v4.0-K[2,6]-phiapprox-stickbreaking",convex
10099,0.0318521112203598,1.2788089406967629e-05,0.2092811018228531,0.8260686993598938,2.567847728729248,0.09491797536611557,0.14649337530136108,0.057255782186985016,,,,,,0.020430902019143105,0.04344691336154938,0.005866033490747213,4.630058281218652e-10,4.184571298537776e-05,1.6454259821330197e-05,0.1499054729938507,0.27062109112739563,0.030404124408960342,0.6188124418258667,0.9976201057434082,0.10921771824359894,2.000122547149658,3.5001840591430664,0.4567640423774719,0.031312428414821625,0.1629178524017334,0.034635934978723526,8.22936708573252e-05,0.34421586990356445,0.10634098947048187,0.025413155555725098,0.09039866179227829,0.016843140125274658,1.0,8515.0,0,0.7246221303939819,629;502;539;601,714,True,,"v4.0-K[2,6]-phiapprox-stickbreaking",convex
10101,0.04924424737691879,1.3671036867890507e-05,0.17390725016593933,0.9237684607505798,3.0355947017669678,0.10800851136445999,0.6115143895149231,0.04662960395216942,,,,,,0.027460170909762383,0.07445201277732849,0.012521171011030674,4.5235953871625156e-10,4.495929169934243e-05,2.0653058527386747e-05,0.11655757576227188,0.22302550077438354,0.027377773076295853,0.8040674924850464,0.9998008012771606,0.05955284833908081,2.0842294692993164,3.9315199851989746,0.49242839217185974,0.05009034648537636,0.16509130597114563,0.030284492298960686,0.3270140290260315,0.909253716468811,0.1510528028011322,0.023273896425962448,0.07094794511795044,0.012449288740754128,1.0,9087.0,0,0.7246221303939819,629;502;539;601,715,True,,"v4.0-K[2,6]-phiapprox-stickbreaking",convex
10102,0.019802924245595932,1.3188016055210028e-05,0.14024868607521057,0.6499731540679932,2.8542213439941406,0.1167403906583786,0.13868317008018494,0.05867066606879234,,,,,,0.013412798754870892,0.026577534154057503,0.0033765272237360477,4.463877323335197e-10,4.417495074449107e-05,1.972868267330341e-05,0.056275349110364914,0.2228100597858429,0.044458143413066864,0.43487679958343506,0.8602761626243591,0.10800186544656754,2.003225088119507,3.807553291320801,0.5227471590042114,0.05013701319694519,0.18288788199424744,0.03422119468450546,0.0001917920308187604,0.3143792152404785,0.09526178240776062,0.016890397295355797,0.10581628978252411,0.023728784173727036,1.0,9404.0,0,0.7246221303939819,629;502;539;601,716,True,,"v4.0-K[2,6]-phiapprox-stickbreaking",convex
10103,0.03646048158407211,1.3664429388882127e-05,0.10711414366960526,0.9371248483657837,5.273848533630371,0.07220916450023651,0.5170157551765442,0.04550758749246597,,,,,,0.0076976800337433815,0.07292880862951279,0.01863679103553295,4.4691009226660583e-10,4.494182576308958e-05,2.4189226678572595e-05,0.04890308529138565,0.161769837141037,0.029265007004141808,0.8610485792160034,0.9995556473731995,0.04075967147946358,4.542506694793701,5.978389739990234,0.40152907371520996,0.02957816794514656,0.12084298580884933,0.02388651855289936,0.1894465684890747,0.8748759031295776,0.1796383112668991,0.02217062935233116,0.07215486466884613,0.01286755595356226,1.0,9191.0,0,0.7246221303939819,629;502;539;601,719,True,,"v4.0-K[2,6]-phiapprox-stickbreaking",convex
10104,0.015330776572227478,1.3258018952910788e-05,0.22709091007709503,0.7907976508140564,2.6376805305480957,0.15988962352275848,0.22125203907489777,0.09709390252828598,,,,,,0.006215870380401611,0.029623916372656822,0.0068576219491660595,4.648486595648649e-10,4.408781751408242e-05,1.9717364921234548e-05,0.059101834893226624,0.3749615550041199,0.09734288603067398,0.5999118089675903,0.9957675933837891,0.10935138165950775,2.0001707077026367,3.4457168579101562,0.43269360065460205,0.08842754364013672,0.2374434471130371,0.038185250014066696,8.141401485772803e-05,0.414838582277298,0.11246917396783829,0.019719786942005157,0.18298789858818054,0.04495924338698387,1.0,2777.0,0,0.7246221303939819,629;502;539;601,715,True,,"v4.0-K[2,6]-phiapprox-stickbreaking",convex
10106,0.021953320130705833,1.3450184269458987e-05,0.2350013703107834,0.816662609577179,2.7186176776885986,0.08840925991535187,0.26361316442489624,0.05773083493113518,,,,,,0.010987055487930775,0.0368184857070446,0.007267565932124853,4.5929354763885044e-10,4.40413314208854e-05,2.1408548491308466e-05,0.12691445648670197,0.3519103527069092,0.05447100102901459,0.6182177066802979,0.9893184304237366,0.10265963524580002,2.003080368041992,3.428318977355957,0.4034823477268219,0.029628628864884377,0.15480609238147736,0.03253600373864174,0.0005534598603844643,0.5644119381904602,0.1623251587152481,0.01370166800916195,0.10154649615287781,0.0229981429874897,1.0,7326.0,0,0.7246221303939819,629;502;539;601,719,True,,"v4.0-K[2,6]-phiapprox-stickbreaking",convex
10107,0.02085445448756218,1.2997771591471974e-05,0.15479598939418793,0.891785204410553,3.1334197521209717,0.12837481498718262,0.13057461380958557,0.04635196924209595,,,,,,0.012392723932862282,0.03022751212120056,0.004627902060747147,4.49142750769127e-10,4.36543850810267e-05,1.672623329795897e-05,0.06590034812688828,0.24532371759414673,0.05089988559484482,0.7674139738082886,0.9957678914070129,0.06392709165811539,2.3122713565826416,4.028715133666992,0.4428890645503998,0.06060538813471794,0.20004144310951233,0.03618955612182617,3.844403909170069e-05,0.2907368540763855,0.0872994065284729,0.016720546409487724,0.07872626930475235,0.01637331023812294,1.0,8764.0,0,0.7246221303939819,629;502;539;601,714,True,,"v4.0-K[2,6]-phiapprox-stickbreaking",convex
10109,0.024199875071644783,1.3222345842223149e-05,0.2064853459596634,0.9294165372848511,3.3249917030334473,0.11610304564237595,0.2543586790561676,0.035505957901477814,,,,,,0.014768076129257679,0.03470010310411453,0.005226938519626856,4.746414372647223e-10,4.3278498196741566e-05,1.879504998214543e-05,0.15929850935935974,0.24955269694328308,0.0233108289539814,0.8346772193908691,0.9991340041160583,0.04811430349946022,2.5975003242492676,4.235198020935059,0.42222556471824646,0.04762423038482666,0.18777570128440857,0.03634866699576378,0.05146452784538269,0.5058333873748779,0.120093934237957,0.009796980768442154,0.06083026900887489,0.013403586111962795,1.0,9550.0,0,0.7246221303939819,629;502;539;601,719,True,,"v4.0-K[2,6]-phiapprox-stickbreaking",convex
10110,0.02421313151717186,1.3025843145442195e-05,0.2063409388065338,0.9289519190788269,3.3364617824554443,0.11639979481697083,0.25406843423843384,0.03580223023891449,,,,,,0.014499626122415066,0.03521294146776199,0.005368865095078945,2.737635951266526e-10,4.281818473828025e-05,1.743277971399948e-05,0.15943297743797302,0.25041627883911133,0.023313239216804504,0.8381356596946716,0.998848021030426,0.047977693378925323,2.5402002334594727,4.1933064460754395,0.42587846517562866,0.043123502284288406,0.18274182081222534,0.036188285797834396,0.032029975205659866,0.4815117120742798,0.11848585307598114,0.011120912618935108,0.06296159327030182,0.01356797106564045,1.0,9097.0,0,0.7246221303939819,629;502;539;601,719,True,,"v4.0-K[2,6]-phiapprox-stickbreaking",convex
10111,0.013310020789504051,1.2790514119842555e-05,0.31154006719589233,0.7544119954109192,2.40317964553833,0.08702795207500458,0.07976926118135452,0.06503229588270187,,,,,,0.009044572710990906,0.01861284114420414,0.0025032013654708862,3.9155051423378495e-10,4.2317606130382046e-05,1.7273823686991818e-05,0.22686055302619934,0.39928990602493286,0.04475615546107292,0.5553781986236572,0.9703766703605652,0.11030521243810654,2.000751256942749,3.1113486289978027,0.3449464440345764,0.031067172065377235,0.14557886123657227,0.029857376590371132,6.007836077515094e-07,0.24184396862983704,0.08053123205900192,0.014645208604633808,0.12361595779657364,0.03008951246738434,1.0,7792.0,0,0.7246221303939819,629;502;539;601,713,True,,"v4.0-K[2,6]-phiapprox-stickbreaking",convex
10112,0.016468297690153122,1.29303780340706e-05,0.29947197437286377,0.8947014212608337,2.631103515625,0.39318981766700745,0.40487101674079895,0.047713782638311386,,,,,,0.007997442968189716,0.02680075913667679,0.004976368509232998,4.421450705560659e-10,4.3317479139659554e-05,1.7862252207123674e-05,0.20622387528419495,0.38550394773483276,0.04500659555196762,0.7421684265136719,0.9994031190872192,0.07659565657377243,2.0015902519226074,3.358286142349243,0.4029763340950012,0.31542065739631653,0.4734419286251068,0.04041655361652374,0.2641156315803528,0.5578038692474365,0.07516510784626007,0.010906613431870937,0.08777263760566711,0.020974060520529747,1.0,9553.0,0,0.7246221303939819,629;502;539;601,707,True,,"v4.0-K[2,6]-phiapprox-stickbreaking",convex
10114,0.016784019768238068,1.3292627045302652e-05,0.22865918278694153,0.828751802444458,2.3335025310516357,0.08637233078479767,0.1764397770166397,0.037710074335336685,,,,,,0.012147723697125912,0.021671364083886147,0.002485446399077773,4.399335062910126e-10,4.3667543650371954e-05,2.7354200938134454e-05,0.15973961353302002,0.2967110872268677,0.03487006947398186,0.6377360820770264,0.9868263602256775,0.09725397080183029,2.000185489654541,2.8619370460510254,0.2828391492366791,0.03252273052930832,0.14860983192920685,0.030249573290348053,2.8548893169499934e-06,0.424695760011673,0.13069778680801392,0.00856972485780716,0.07113664597272873,0.016905343160033226,1.0,9306.0,0,0.7246221303939819,629;502;539;601,709,True,,"v4.0-K[2,6]-phiapprox-stickbreaking",convex
10115,0.04470624402165413,1.3087074876239058e-05,0.11156637221574783,0.814852237701416,3.4940288066864014,0.13092052936553955,0.6678479909896851,0.06744367629289627,,,,,,0.014781882055103779,0.07610940933227539,0.016047261655330658,4.761859240254296e-10,4.3211737647652626e-05,1.891754800453782e-05,0.039604201912879944,0.2126556932926178,0.04438255727291107,0.6258317828178406,0.9900999665260315,0.10205358266830444,2.010324716567993,5.079658031463623,0.9022137522697449,0.07467319816350937,0.19647467136383057,0.031608548015356064,0.40092557668685913,0.9433573484420776,0.1439777910709381,0.03587854653596878,0.10313893854618073,0.01740291900932789,1.0,6458.0,0,0.7246221303939819,629;502;539;601,711,True,,"v4.0-K[2,6]-phiapprox-stickbreaking",convex
10116,0.019771289080381393,1.3437075722322334e-05,0.17429250478744507,0.8358232378959656,4.043282508850098,0.07426265627145767,0.2707970440387726,0.047737132757902145,,,,,,0.010070543736219406,0.0309180598706007,0.005543730687350035,4.4271095123171733e-10,4.3976964661851525e-05,2.207862416980788e-05,0.12581491470336914,0.21767181158065796,0.023809272795915604,0.6944772005081177,0.98511803150177,0.0766870453953743,2.5093846321105957,5.179133415222168,0.6804524660110474,0.020630044862627983,0.13145051896572113,0.02918368950486183,2.344075073779095e-05,0.5964634418487549,0.17289893329143524,0.012934580445289612,0.08380240947008133,0.019008945673704147,1.0,5383.0,0,0.7246221303939819,629;502;539;601,718,True,,"v4.0-K[2,6]-phiapprox-stickbreaking",convex
10117,0.053538352251052856,1.3513757039618213e-05,0.16342464089393616,0.6133987903594971,3.098893642425537,0.04699556902050972,0.1958572119474411,0.04120203107595444,,,,,,0.03478102385997772,0.07413970679044724,0.010087510570883751,2.3108162605645077e-10,4.493447704589926e-05,2.0103956558159553e-05,0.10296501964330673,0.22182387113571167,0.03076077438890934,0.38312828540802,0.8430434465408325,0.11929503828287125,2.0004053115844727,4.729615211486816,0.843839168548584,0.007732120808213949,0.09453537315130234,0.023859892040491104,3.396888496354222e-05,0.5166597962379456,0.16020359098911285,0.01878708228468895,0.06441725790500641,0.011786668561398983,1.0,9282.0,0,0.7246221303939819,629;502;539;601,715,True,,"v4.0-K[2,6]-phiapprox-stickbreaking",convex
10120,0.013411082327365875,1.342240193480393e-05,0.11125201731920242,0.9617061614990234,3.8448774814605713,0.16026751697063446,0.2790239155292511,0.035867735743522644,,,,,,0.005714305676519871,0.02292262576520443,0.004653215873986483,2.1564799945750224e-10,4.475064997677691e-05,1.976844941964373e-05,0.05708567798137665,0.17565804719924927,0.03092339262366295,0.9028345346450806,0.999252438545227,0.029550984501838684,2.9841504096984863,4.641839981079102,0.4324469268321991,0.08960322290658951,0.23128864169120789,0.03697218373417854,0.08869169652462006,0.497132807970047,0.10464368760585785,0.00895925983786583,0.06301752477884293,0.014518403448164463,1.0,8882.0,0,0.7246221303939819,629;502;539;601,715,True,,"v4.0-K[2,6]-phiapprox-stickbreaking",convex
10121,0.021302970126271248,1.3499480701284483e-05,0.3209979236125946,0.812332272529602,2.4695067405700684,0.09236453473567963,0.09498313069343567,0.07721377909183502,,,,,,0.01159089058637619,0.03190591558814049,0.005483121611177921,3.6770145261932896e-10,4.504459866438992e-05,1.9887382222805172e-05,0.2500525414943695,0.3914127051830292,0.03639144077897072,0.6196422576904297,0.9948683977127075,0.10547100752592087,2.000264883041382,3.160625696182251,0.35853907465934753,0.03414662182331085,0.15106560289859772,0.030280962586402893,7.20908110452001e-06,0.26731571555137634,0.0869564488530159,0.02459205500781536,0.1285008043050766,0.02734021097421646,1.0,9165.0,0,0.7246221303939819,629;502;539;601,711,True,,"v4.0-K[2,6]-phiapprox-stickbreaking",convex
10125,0.02448657527565956,1.3396478607319295e-05,0.300813227891922,0.7010511755943298,2.8411507606506348,0.11714233458042145,0.07879514992237091,0.039678312838077545,,,,,,0.015414639376103878,0.03336890786886215,0.004704792518168688,1.6512728684414668e-10,4.4542059185914695e-05,1.970345874724444e-05,0.2328958511352539,0.37141063809394836,0.03529791161417961,0.4930739402770996,0.921505331993103,0.11040688306093216,2.001007318496704,3.736252546310425,0.5025699138641357,0.05082695931196213,0.18520140647888184,0.034593548625707626,2.9190217901486903e-05,0.2109341323375702,0.06803127378225327,0.008273769170045853,0.07379532605409622,0.017739517614245415,1.0,8501.0,0,0.7246221303939819,629;502;539;601,717,True,,"v4.0-K[2,6]-phiapprox-stickbreaking",convex
10126,0.03793487697839737,1.3588177353085484e-05,0.16392749547958374,0.9337331652641296,4.598055839538574,0.08323100954294205,0.31660857796669006,0.04177239164710045,,,,,,0.012238058261573315,0.06861722469329834,0.015539884567260742,4.5002379600589393e-10,4.508149504545145e-05,2.073570794891566e-05,0.10487420111894608,0.21328550577163696,0.02883434109389782,0.8454603552818298,0.9996203184127808,0.04603346064686775,3.4286446571350098,5.821502208709717,0.6384875178337097,0.03027929738163948,0.1364600658416748,0.02788042090833187,0.01808343268930912,0.6249418258666992,0.1607585847377777,0.018079137429594994,0.0669604167342186,0.012631324119865894,1.0,6516.0,0,0.7246221303939819,629;502;539;601,719,True,,"v4.0-K[2,6]-phiapprox-stickbreaking",convex
10128,0.030728371813893318,1.317595160799101e-05,0.2004711776971817,0.586938738822937,2.8149757385253906,0.10760195553302765,0.13008974492549896,0.10422109812498093,,,,,,0.01110073272138834,0.06057971715927124,0.014588446356356144,4.663694985751476e-10,4.405131403473206e-05,1.813693597796373e-05,0.09400159120559692,0.31433531641960144,0.05715072154998779,0.30757027864456177,0.8484745621681213,0.13829268515110016,2.0006461143493652,4.285930633544922,0.7130736112594604,0.03948094695806503,0.17595291137695312,0.035519134253263474,1.0715274584072176e-05,0.31803515553474426,0.10029901564121246,0.02704646997153759,0.18203184008598328,0.04229290410876274,1.0,5356.0,0,0.7246221303939819,629;502;539;601,705,True,,"v4.0-K[2,6]-phiapprox-stickbreaking",convex
10130,0.011120039038360119,1.2982868611288723e-05,0.21002814173698425,0.6441558003425598,2.357715368270874,0.055354043841362,0.0714993104338646,0.055170465260744095,,,,,,0.007743068505078554,0.014736258424818516,0.0018250650027766824,1.7779624439384634e-09,4.410282053868286e-05,1.7794995073927566e-05,0.11078378558158875,0.3174232840538025,0.05230860784649849,0.44663017988204956,0.8437174558639526,0.10258477181196213,2.0003318786621094,2.926508665084839,0.28124669194221497,0.011884922161698341,0.10045704990625381,0.023770660161972046,2.713008871069178e-05,0.2276843786239624,0.08078151941299438,0.010717613622546196,0.11242873966693878,0.028424400836229324,1.0,9366.0,0,0.7246221303939819,629;502;539;601,713,True,,"v4.0-K[2,6]-phiapprox-stickbreaking",convex
10135,0.02579888142645359,1.3061486242804676e-05,0.16296838223934174,0.7402393817901611,3.0839791297912598,0.17383818328380585,0.18333947658538818,0.0723404511809349,,,,,,0.012013058178126812,0.04207119718194008,0.008132860995829105,4.754172056031791e-10,4.436435119714588e-05,1.7185306205647066e-05,0.05285587161779404,0.28085482120513916,0.06623858958482742,0.5310212969779968,0.9437338709831238,0.10873039066791534,2.0200345516204834,4.260532379150391,0.6326017379760742,0.09525231271982193,0.24545592069625854,0.03826408088207245,0.0194447822868824,0.35387498140335083,0.08866265416145325,0.025387652218341827,0.12138299643993378,0.024893395602703094,1.0,7146.0,0,0.7246221303939819,629;502;539;601,704,True,,"v4.0-K[2,6]-phiapprox-stickbreaking",convex
10137,0.048559751361608505,1.3507293260772713e-05,0.17641906440258026,0.8769687414169312,4.003906726837158,0.10066485404968262,0.15780548751354218,0.02767287753522396,,,,,,0.023161455988883972,0.07612892985343933,0.014068171381950378,5.00622529542305e-11,4.460703712538816e-05,2.0910614694003016e-05,0.1289183646440506,0.2194780707359314,0.023060046136379242,0.7340952157974243,0.9969857335090637,0.07546375691890717,2.4544942378997803,5.274731636047363,0.7343704104423523,0.02559889294207096,0.17515596747398376,0.03979262337088585,0.00033596731373108923,0.36145877838134766,0.1080312505364418,0.009075209498405457,0.04660871624946594,0.009905572049319744,1.0,7315.0,0,0.7246221303939819,629;502;539;601,718,True,,"v4.0-K[2,6]-phiapprox-stickbreaking",convex
10140,0.030978858470916748,1.3349201253731735e-05,0.16811294853687286,0.7352755665779114,2.4070560932159424,0.11165594309568405,0.22048906981945038,0.051123470067977905,,,,,,0.020317034795880318,0.042546212673187256,0.005937553476542234,4.2563932933781246e-10,4.295457256375812e-05,2.2853660993860103e-05,0.08799400180578232,0.23799964785575867,0.03691670671105385,0.47886261343955994,0.9891337752342224,0.13824979960918427,2.0002219676971436,3.193359851837158,0.39072704315185547,0.04161195084452629,0.18278056383132935,0.03730619698762894,1.9062752471654676e-05,0.46598175168037415,0.13318578898906708,0.02080502361059189,0.0858069434762001,0.016782620921730995,1.0,8379.0,0,0.7246221303939819,629;502;539;601,715,True,,"v4.0-K[2,6]-phiapprox-stickbreaking",convex
10141,0.017840484157204628,1.3197595762903802e-05,0.20845651626586914,0.9196437001228333,2.8569107055664062,0.1444074660539627,0.11553705483675003,0.04986317455768585,,,,,,0.009829276241362095,0.026642069220542908,0.004451766610145569,4.6378892393228455e-10,4.3606934923445806e-05,1.911245817609597e-05,0.14698421955108643,0.2669488489627838,0.03076464682817459,0.8029956221580505,0.9993017911911011,0.0601755827665329,2.0463201999664307,3.635441303253174,0.42151546478271484,0.07678423821926117,0.2188732922077179,0.03683856502175331,0.00014328227553050965,0.2670286297798157,0.08139491826295853,0.014931772835552692,0.08546185493469238,0.018642188981175423,1.0,9465.0,0,0.7246221303939819,629;502;539;601,716,True,,"v4.0-K[2,6]-phiapprox-stickbreaking",convex
10142,0.03103593736886978,1.3410124665824696e-05,0.19186808168888092,0.9418755173683167,3.905134677886963,0.05205642059445381,0.4018245041370392,0.03414274752140045,,,,,,0.01406102068722248,0.05105874687433243,0.009848501533269882,4.405266984530698e-10,4.550572339212522e-05,2.0594767192960717e-05,0.11840912699699402,0.2490694224834442,0.03431760519742966,0.8556890487670898,0.9999216198921204,0.04431692510843277,2.7760348320007324,4.980944633483887,0.5773425102233887,0.01441018283367157,0.09580250829458237,0.02191147953271866,0.03759670630097389,0.7787964344024658,0.19597294926643372,0.012730422429740429,0.05754117667675018,0.011777698993682861,1.0,6573.0,0,0.7246221303939819,629;502;539;601,719,True,,"v4.0-K[2,6]-phiapprox-stickbreaking",convex
10143,0.038972120732069016,1.331744442722993e-05,0.15478478372097015,0.889773428440094,3.461550235748291,0.12261689454317093,0.09253667294979095,0.053444068878889084,,,,,,0.020203515887260437,0.059611063450574875,0.010315519757568836,4.771882333720612e-10,4.313786848797463e-05,2.829146797012072e-05,0.09646201878786087,0.21254399418830872,0.02960854023694992,0.7510263919830322,0.999455988407135,0.0729743167757988,2.2500064373016357,4.738685607910156,0.6499149799346924,0.04927755519747734,0.19737669825553894,0.03887193650007248,2.3529095415142365e-05,0.2261064350605011,0.06994450092315674,0.027392558753490448,0.08165004849433899,0.01433303952217102,1.0,8342.0,0,0.7246221303939819,629;502;539;601,719,True,,"v4.0-K[2,6]-phiapprox-stickbreaking",convex
10145,0.0362846665084362,1.359771158604417e-05,0.1297784149646759,0.901891827583313,3.828911304473877,0.05651126801967621,0.2655988335609436,0.08053315430879593,,,,,,0.010369754396378994,0.063030906021595,0.014060338027775288,1.9306997667278836e-10,4.316907870816067e-05,2.8168495191494003e-05,0.05502965301275253,0.21524569392204285,0.042166586965322495,0.7724986672401428,0.998691737651825,0.06695838272571564,2.3929262161254883,5.393564224243164,0.7409979104995728,0.013729087077081203,0.10425227880477905,0.024114476516842842,2.1603294953820296e-05,0.5976756811141968,0.17518171668052673,0.04111474007368088,0.11908502876758575,0.01988774538040161,1.0,7665.0,0,0.7246221303939819,629;502;539;601,713,True,,"v4.0-K[2,6]-phiapprox-stickbreaking",convex
10147,0.03978470712900162,1.3054518603894394e-05,0.1418701708316803,0.9116339087486267,4.149941444396973,0.06117444485425949,0.1833084374666214,0.04671097546815872,,,,,,0.01704258844256401,0.06414496898651123,0.012484314851462841,4.6480139181959146e-10,4.2482690332690254e-05,1.8371230908087455e-05,0.0867573469877243,0.20026203989982605,0.03011205606162548,0.7987362742424011,0.9997376799583435,0.058953143656253815,2.7587387561798096,5.410653591156006,0.6860514879226685,0.012044001370668411,0.1137726902961731,0.02714238129556179,2.478022543073166e-05,0.4700617492198944,0.1442560851573944,0.024144094437360764,0.07241717725992203,0.012613937258720398,1.0,8431.0,0,0.7246221303939819,629;502;539;601,716,True,,"v4.0-K[2,6]-phiapprox-stickbreaking",convex
10148,0.011136770248413086,1.351436094410019e-05,0.24086296558380127,0.7204452753067017,2.63236141204834,0.10247712582349777,0.033568091690540314,0.07417620718479156,,,,,,0.0067118383012712,0.016132410615682602,0.002408011816442013,4.453134527793168e-10,4.544525654637255e-05,2.03454455913743e-05,0.17365926504135132,0.31871336698532104,0.03693187236785889,0.5087788701057434,0.9295182824134827,0.10927034914493561,2.0000884532928467,3.7315218448638916,0.5255477428436279,0.04037560895085335,0.1631508469581604,0.03139098361134529,1.0084661425935337e-06,0.1091558113694191,0.038829877972602844,0.01305349264293909,0.14750295877456665,0.03736964613199234,1.0,8398.0,0,0.7246221303939819,629;502;539;601,705,True,,"v4.0-K[2,6]-phiapprox-stickbreaking",convex
10149,0.016867728903889656,1.3388382285484113e-05,0.32919031381607056,0.8069161176681519,2.5560057163238525,0.08232017606496811,0.07877817004919052,0.04430609568953514,,,,,,0.011876038275659084,0.022771140560507774,0.002820515539497137,6.987519590717639e-11,4.471368811209686e-05,1.941501977853477e-05,0.2674558758735657,0.3906842768192291,0.031463492661714554,0.63341224193573,0.9931398034095764,0.09785623103380203,2.0003106594085693,3.2806167602539062,0.3875570297241211,0.02445235103368759,0.13530167937278748,0.02865659072995186,3.986099181929603e-05,0.22920531034469604,0.07575429230928421,0.011164521798491478,0.08135781437158585,0.018866902217268944,1.0,9166.0,0,0.7246221303939819,629;502;539;601,713,True,,"v4.0-K[2,6]-phiapprox-stickbreaking",convex
10150,0.035638436675071716,1.3535635844164062e-05,0.14785319566726685,0.8455880284309387,2.5873420238494873,0.14677436649799347,0.3576599061489105,0.043155375868082047,,,,,,0.018197186291217804,0.05554953217506409,0.010080818086862564,4.559122801506277e-10,4.4510299630928785e-05,2.4018720068852417e-05,0.06289342045783997,0.22996744513511658,0.04381632059812546,0.6394445896148682,0.998916506767273,0.10776816308498383,2.0001144409179688,3.3963217735290527,0.4299670159816742,0.06842630356550217,0.22442400455474854,0.040308453142642975,0.12653848528862,0.6103756427764893,0.12558722496032715,0.016969069838523865,0.07109789550304413,0.014467420056462288,1.0,9165.0,0,0.7246221303939819,629;502;539;601,715,True,,"v4.0-K[2,6]-phiapprox-stickbreaking",convex
10151,0.022352837026119232,1.3251383279566653e-05,0.21709264814853668,0.8337113261222839,4.194657325744629,0.1008836179971695,0.32408496737480164,0.03368667885661125,,,,,,0.012121752835810184,0.035035405308008194,0.006223234813660383,4.704647227349312e-10,4.33760869782418e-05,1.9095010429737158e-05,0.1718558967113495,0.25887787342071533,0.022324105724692345,0.685207724571228,0.9732426404953003,0.07383529841899872,2.455709457397461,5.5401530265808105,0.7786190509796143,0.0382460281252861,0.1711912453174591,0.03457605838775635,0.01971072144806385,0.6066198945045471,0.1502317637205124,0.008563416078686714,0.06255882978439331,0.014497321099042892,1.0,5109.0,0,0.7246221303939819,629;502;539;601,717,True,,"v4.0-K[2,6]-phiapprox-stickbreaking",convex
10152,0.026976682245731354,1.3362176105147228e-05,0.20095275342464447,0.7642067670822144,2.7631473541259766,0.14503511786460876,0.2180207371711731,0.04216806963086128,,,,,,0.018130192533135414,0.03692714124917984,0.004879181273281574,3.3322461456819497e-10,4.413517308421433e-05,2.1693740563932806e-05,0.11861276626586914,0.26771479845046997,0.03693012148141861,0.5549348592758179,0.9855204820632935,0.11614318937063217,2.00478458404541,3.747861385345459,0.5154262781143188,0.0735664889216423,0.22242051362991333,0.03880653530359268,0.029257530346512794,0.4173441529273987,0.101418636739254,0.01288845669478178,0.0752776488661766,0.01635374315083027,1.0,6796.0,0,0.7246221303939819,629;502;539;601,719,True,,"v4.0-K[2,6]-phiapprox-stickbreaking",convex
10154,0.04539557546377182,1.341579991276376e-05,0.1856594979763031,0.7912052273750305,2.521897315979004,0.0994822233915329,0.12869127094745636,0.04151587560772896,,,,,,0.02907535806298256,0.06259467452764511,0.00868514645844698,3.037999296573446e-10,4.4876964238937944e-05,2.0426650735316798e-05,0.08280477672815323,0.28082072734832764,0.05038248747587204,0.5597531199455261,0.9937145709991455,0.12229929119348526,2.0001649856567383,3.367485761642456,0.4226192235946655,0.0361284464597702,0.1649848222732544,0.03360787406563759,6.216164911165833e-05,0.30531835556030273,0.09255325049161911,0.016217142343521118,0.06731868535280228,0.013376752845942974,1.0,8402.0,0,0.7246221303939819,629;502;539;601,717,True,,"v4.0-K[2,6]-phiapprox-stickbreaking",convex
10155,0.02728118933737278,1.3041745660302695e-05,0.23827391862869263,0.6998881697654724,3.610959529876709,0.08416371792554855,0.07601373642683029,0.07555723935365677,,,,,,0.012602454051375389,0.042697835713624954,0.008119703270494938,4.5884995802936146e-10,4.241785063641146e-05,1.8222033759229816e-05,0.1920452117919922,0.2861093282699585,0.023970918729901314,0.4990380108356476,0.8831868767738342,0.09730814397335052,2.112929105758667,5.217926979064941,0.8499383926391602,0.03043844737112522,0.1430550366640091,0.02927447482943535,8.245607205026317e-06,0.23671209812164307,0.07886339724063873,0.0284303966909647,0.12443526834249496,0.024912789463996887,1.0,7665.0,0,0.7246221303939819,629;502;539;601,713,True,,"v4.0-K[2,6]-phiapprox-stickbreaking",convex
10156,0.03388253599405289,1.3336450138012879e-05,0.1274486482143402,0.8548563122749329,3.3602113723754883,0.048494305461645126,0.1401684284210205,0.054392676800489426,,,,,,0.01838802918791771,0.0526537150144577,0.009014658629894257,4.669380992972094e-10,4.421218181960285e-05,2.2700103727402166e-05,0.05633186921477318,0.20284149050712585,0.03852369263768196,0.6968010067939758,0.9954813122749329,0.08380234241485596,2.248138189315796,4.617419719696045,0.6155436635017395,0.011709469370543957,0.09183298796415329,0.021789124235510826,1.337469939244329e-06,0.40805360674858093,0.13477599620819092,0.026085197925567627,0.08216674625873566,0.014704358763992786,1.0,9395.0,0,0.7246221303939819,629;502;539;601,712,True,,"v4.0-K[2,6]-phiapprox-stickbreaking",convex
10157,0.0185667984187603,1.3293572010297794e-05,0.20617544651031494,0.9372115731239319,3.2373857498168945,0.11434074491262436,0.15815256536006927,0.03779824450612068,,,,,,0.01116887666285038,0.027111759409308434,0.004112957511097193,4.697392474994899e-10,4.260581772541627e-05,2.1986599676893093e-05,0.16121476888656616,0.24960613250732422,0.02287912368774414,0.8494690656661987,0.9992625117301941,0.0451575368642807,2.394592523574829,4.053176403045654,0.4335223138332367,0.04823581501841545,0.18039539456367493,0.034361936151981354,5.4150328651303425e-05,0.35063982009887695,0.10361428558826447,0.010932660661637783,0.06709754467010498,0.014811482280492783,1.0,8440.0,0,0.7246221303939819,629;502;539;601,719,True,,"v4.0-K[2,6]-phiapprox-stickbreaking",convex
10158,0.0520007461309433,1.3537764971260913e-05,0.12456703931093216,0.7746710181236267,3.913081169128418,0.09381861984729767,0.34111034870147705,0.025682590901851654,,,,,,0.028318004682660103,0.07688306272029877,0.012298211455345154,3.833277861797768e-10,4.39824907516595e-05,2.166919148294255e-05,0.05687341466546059,0.19022908806800842,0.03494992107152939,0.5723004937171936,0.9772219657897949,0.10770783573389053,2.1604795455932617,5.37247371673584,0.8717430830001831,0.030604537576436996,0.16776061058044434,0.0365290567278862,0.05819287896156311,0.6788831949234009,0.16420331597328186,0.009593202732503414,0.043549664318561554,0.00890063215047121,1.0,9082.0,0,0.7246221303939819,629;502;539;601,716,True,,"v4.0-K[2,6]-phiapprox-stickbreaking",convex
10159,0.02901878021657467,1.3789676813757978e-05,0.16469427943229675,0.9086083769798279,3.4584927558898926,0.07221189886331558,0.39321276545524597,0.04062766209244728,,,,,,0.01579275168478489,0.04425719007849693,0.0074807871133089066,3.3646313513102655e-10,4.5599270379170775e-05,2.8470165489125066e-05,0.0844515785574913,0.23288944363594055,0.04039246216416359,0.789064884185791,0.9990792274475098,0.06239895895123482,2.4977810382843018,4.461123466491699,0.5079145431518555,0.021562103182077408,0.12402167916297913,0.02685035951435566,0.06825116276741028,0.7591468095779419,0.17869603633880615,0.014359195716679096,0.06792815774679184,0.013956322334706783,1.0,6707.0,0,0.7246221303939819,629;502;539;601,716,True,,"v4.0-K[2,6]-phiapprox-stickbreaking",convex
10160,0.022300563752651215,1.3244999536254909e-05,0.24276797473430634,0.7674692273139954,2.4629786014556885,0.0949246808886528,0.13345640897750854,0.035487156361341476,,,,,,0.01555094588547945,0.02977982722222805,0.0037044791970402002,1.3508773960557718e-11,4.495382745517418e-05,1.7821101209847257e-05,0.15934523940086365,0.32475385069847107,0.04283662885427475,0.5540547966957092,0.9681458473205566,0.11150004714727402,2.0006320476531982,3.2277672290802,0.3788830637931824,0.03624127432703972,0.15454433858394623,0.03071947768330574,0.00011388532584533095,0.3228839635848999,0.10061702877283096,0.009420858696103096,0.06638918817043304,0.015188461169600487,1.0,8826.0,0,0.7246221303939819,629;502;539;601,717,True,,"v4.0-K[2,6]-phiapprox-stickbreaking",convex
10162,0.0323321670293808,1.3517064871848561e-05,0.19167540967464447,0.9257075786590576,3.4053306579589844,0.06428122520446777,0.28055742383003235,0.06368530541658401,,,,,,0.011838259175419807,0.060678303241729736,0.01356401015073061,4.582831336641391e-10,4.5263055653776973e-05,2.346825203858316e-05,0.12368882447481155,0.24802741408348083,0.03180518373847008,0.8177023530006409,0.999987006187439,0.055659450590610504,2.331735134124756,4.439844131469727,0.5522178411483765,0.018834277987480164,0.11827182024717331,0.02677014097571373,9.478586434852332e-05,0.6301573514938354,0.183248832821846,0.029301509261131287,0.1000613421201706,0.01855960302054882,1.0,6811.0,0,0.7246221303939819,629;502;539;601,714,True,,"v4.0-K[2,6]-phiapprox-stickbreaking",convex
10163,0.021764567121863365,1.3301701983436942e-05,0.2804081439971924,0.8707607388496399,2.9703028202056885,0.12036390602588654,0.03831556811928749,0.0911768451333046,,,,,,0.008287142962217331,0.042780086398124695,0.009821581654250622,4.522578145316203e-10,4.317385173635557e-05,2.4678993213456124e-05,0.217399001121521,0.35367992520332336,0.034819941967725754,0.7108849287033081,0.9971743226051331,0.08307857066392899,2.003652334213257,3.989936590194702,0.5575845837593079,0.05448638275265694,0.18611112236976624,0.033878523856401443,1.4646326235379092e-05,0.11648184806108475,0.038748111575841904,0.02821108140051365,0.14894062280654907,0.03174971044063568,1.0,6224.0,0,0.7246221303939819,629;502;539;601,719,True,,"v4.0-K[2,6]-phiapprox-stickbreaking",convex
10164,0.009664521552622318,1.3420631148619577e-05,0.38372018933296204,0.7383772730827332,2.656794548034668,0.05945354327559471,0.09550565481185913,0.058012109249830246,,,,,,0.006125412881374359,0.01328129693865776,0.0018315212801098824,4.722578439420033e-10,4.3544692744035274e-05,2.105745988956187e-05,0.32273298501968384,0.4426475167274475,0.030464759096503258,0.552726149559021,0.9225389957427979,0.09360731393098831,2.009772300720215,3.2853899002075195,0.3615837097167969,0.014906841330230236,0.10430882126092911,0.02366657555103302,8.64767628172558e-07,0.2898087501525879,0.09695950895547867,0.009773004800081253,0.1189449205994606,0.030726710334420204,1.0,8572.0,0,0.7246221303939819,629;502;539;601,719,True,,"v4.0-K[2,6]-phiapprox-stickbreaking",convex
10165,0.009967653080821037,1.324523054790916e-05,0.3067193627357483,0.733967125415802,2.443336009979248,0.05207009240984917,0.09035618603229523,0.06152673810720444,,,,,,0.0066203889437019825,0.013675661757588387,0.001856174785643816,3.916171553708381e-10,4.444485966814682e-05,1.8467175323166884e-05,0.22518441081047058,0.3902123272418976,0.04264861345291138,0.5475243926048279,0.9338465332984924,0.09928756207227707,2.0005645751953125,3.1646780967712402,0.360136479139328,0.01096652913838625,0.09495661407709122,0.022303298115730286,8.278883797174785e-06,0.28721708059310913,0.0973634272813797,0.010194624774158001,0.12824998795986176,0.03314106538891792,1.0,8372.0,0,0.7246221303939819,629;502;539;601,713,True,,"v4.0-K[2,6]-phiapprox-stickbreaking",convex
10166,0.021262014284729958,1.3058187505521346e-05,0.20102383196353912,0.8969677090644836,2.8448121547698975,0.19972063601016998,0.11992589384317398,0.03848431259393692,,,,,,0.013031519949436188,0.029553497210144997,0.004314700607210398,4.3965744933593953e-10,4.2143106838921085e-05,1.8736198398983106e-05,0.1524757742881775,0.25041550397872925,0.025162741541862488,0.7589653730392456,0.9982947707176208,0.07101545482873917,2.1041150093078613,3.5544092655181885,0.37531420588493347,0.126277357339859,0.2759128212928772,0.03879675641655922,0.006467481143772602,0.23223736882209778,0.06134916841983795,0.011905028484761715,0.0677022933959961,0.014839683659374714,1.0,8864.0,0,0.7246221303939819,629;502;539;601,714,True,,"v4.0-K[2,6]-phiapprox-stickbreaking",convex
10168,0.0425400547683239,1.3296199540491216e-05,0.12375108897686005,0.8963437676429749,3.3959686756134033,0.05603743717074394,0.5334584712982178,0.054441362619400024,,,,,,0.021751644089818,0.06784933805465698,0.012099656276404858,2.9891731451181514e-11,4.4353197154123336e-05,2.243425478809513e-05,0.0562451109290123,0.19273489713668823,0.03610721975564957,0.7602707743644714,0.9985713958740234,0.06935057789087296,2.341170072555542,4.5492963790893555,0.5776458382606506,0.016359958797693253,0.09826518595218658,0.02126605622470379,0.1459112912416458,0.9120523929595947,0.2011074274778366,0.026377515867352486,0.08332829922437668,0.01499377191066742,1.0,8961.0,0,0.7246221303939819,629;502;539;601,718,True,,"v4.0-K[2,6]-phiapprox-stickbreaking",convex
10169,0.0397205725312233,1.3397073416854255e-05,0.2950473129749298,0.7948805093765259,2.356574296951294,0.07574831694364548,0.05447696894407272,0.041144855320453644,,,,,,0.028335075825452805,0.05238905921578407,0.0063410247676074505,4.366189909621454e-10,4.42531454609707e-05,1.9610779418144375e-05,0.22451800107955933,0.35882866382598877,0.03438765928149223,0.5597268342971802,0.9957287311553955,0.12654152512550354,2.000093698501587,3.040287733078003,0.35364168882369995,0.018601542338728905,0.14280104637145996,0.03348909318447113,1.516889824415557e-06,0.17335078120231628,0.06328582763671875,0.01845964789390564,0.06542876362800598,0.012409679591655731,1.0,9668.0,0,0.7246221303939819,629;502;539;601,713,True,,"v4.0-K[2,6]-phiapprox-stickbreaking",convex
10170,0.0498763807117939,1.3256827514851466e-05,0.19402270019054413,0.5739107728004456,3.0034215450286865,0.1414252072572708,0.5155085325241089,0.048016391694545746,,,,,,0.02976854331791401,0.07086937874555588,0.010600185953080654,4.9969944848626824e-11,4.40002913819626e-05,2.282553759869188e-05,0.08328007906675339,0.2929289937019348,0.05387162044644356,0.3006764054298401,0.8246663212776184,0.13745929300785065,2.0005075931549072,4.22187614440918,0.6424996256828308,0.06975157558917999,0.21406292915344238,0.037645790725946426,0.24193677306175232,0.8126164674758911,0.14845500886440277,0.022312317043542862,0.07534641027450562,0.014024770818650723,1.0,7789.0,0,0.7246221303939819,629;502;539;601,718,True,,"v4.0-K[2,6]-phiapprox-stickbreaking",convex
10171,0.02428480237722397,1.2934803635289427e-05,0.12309195101261139,0.9194599986076355,3.132816791534424,0.10544976592063904,0.18252360820770264,0.049917593598365784,,,,,,0.012552979402244091,0.03746144473552704,0.006859723944216967,2.1863682739264867e-11,4.3897809518966824e-05,1.7770298654795624e-05,0.05034789443016052,0.21358907222747803,0.04051051288843155,0.8076661825180054,0.9988763928413391,0.05765229091048241,2.33024001121521,4.011305332183838,0.4233672022819519,0.04438396170735359,0.1730446219444275,0.03354160487651825,7.820224709575996e-05,0.38337209820747375,0.11080369353294373,0.018992450088262558,0.08458533138036728,0.017088333144783974,1.0,8113.0,0,0.7246221303939819,629;502;539;601,718,True,,"v4.0-K[2,6]-phiapprox-stickbreaking",convex
10172,0.029780423268675804,1.350821548840031e-05,0.10118546336889267,0.9048608541488647,5.103072166442871,0.20379047095775604,0.6160250306129456,0.09876052290201187,,,,,,0.0034755344968289137,0.07129914313554764,0.02062646858394146,4.716089740952611e-10,4.571322278934531e-05,2.125129321939312e-05,0.042687345296144485,0.15780864655971527,0.030033262446522713,0.7987226247787476,0.9986070394515991,0.05814239755272865,3.961714267730713,5.980617046356201,0.5777060389518738,0.14400652050971985,0.27150315046310425,0.03273720294237137,0.40142786502838135,0.8252477645874023,0.10952074825763702,0.031115731224417686,0.14693677425384521,0.029338307678699493,1.0,4858.0,0,0.7246221303939819,629;502;539;601,719,True,,"v4.0-K[2,6]-phiapprox-stickbreaking",convex
10174,0.01837410032749176,1.3455939551931806e-05,0.26071712374687195,0.8985298871994019,2.8832616806030273,0.05719612166285515,0.183418869972229,0.04548095539212227,,,,,,0.011339090764522552,0.026037901639938354,0.0038903108797967434,4.526551078409824e-10,4.333090691943653e-05,2.1202316929702647e-05,0.19317081570625305,0.3206026554107666,0.03290320560336113,0.7774912118911743,0.9988992810249329,0.06484423577785492,2.078298568725586,3.654892683029175,0.4083779454231262,0.01254411693662405,0.10659778863191605,0.025180714204907417,4.6782472054474056e-05,0.48332130908966064,0.1494344025850296,0.01259413082152605,0.07935186475515366,0.017701666802167892,1.0,7633.0,0,0.7246221303939819,629;502;539;601,714,True,,"v4.0-K[2,6]-phiapprox-stickbreaking",convex
10175,0.019233621656894684,1.3395020687312353e-05,0.24586443603038788,0.6536635160446167,2.8116703033447266,0.10658827424049377,0.158524289727211,0.06050251051783562,,,,,,0.011747730895876884,0.02758040651679039,0.004230740014463663,4.3090153667435516e-10,4.3692911276593804e-05,2.75479287665803e-05,0.1488797664642334,0.3586215674877167,0.05547492578625679,0.44388818740844727,0.8563441038131714,0.1061890721321106,2.010082483291626,3.6179018020629883,0.4576168656349182,0.04504311457276344,0.17357507348060608,0.03363297879695892,0.0003516350989229977,0.36441469192504883,0.10979579389095306,0.01741696149110794,0.10862042754888535,0.024041350930929184,1.0,8307.0,0,0.7246221303939819,629;502;539;601,717,True,,"v4.0-K[2,6]-phiapprox-stickbreaking",convex
10177,0.03634696081280708,1.3632988157041837e-05,0.15054036676883698,0.886231005191803,2.8972558975219727,0.13977232575416565,0.33315858244895935,0.06893261522054672,,,,,,0.012878132984042168,0.05827994644641876,0.011969862505793571,4.680938969769954e-10,4.4740037992596626e-05,2.6745707145892084e-05,0.07173147797584534,0.23362240195274353,0.044081445783376694,0.7236301302909851,0.9997316002845764,0.0842474028468132,2.004401922225952,3.9044981002807617,0.5415575504302979,0.07330027222633362,0.21090596914291382,0.03533366322517395,0.1104063093662262,0.5672297477722168,0.11988691985607147,0.0302659273147583,0.10995695739984512,0.020237432792782784,1.0,6871.0,0,0.7246221303939819,629;502;539;601,715,True,,"v4.0-K[2,6]-phiapprox-stickbreaking",convex
10178,0.04606825113296509,1.3540920008381363e-05,0.24596664309501648,0.9095128774642944,2.7211802005767822,0.10023524612188339,0.28831884264945984,0.02296985313296318,,,,,,0.02802927792072296,0.06544464081525803,0.00977543368935585,4.434995426461086e-10,4.484917735680938e-05,2.1480747818714008e-05,0.20429208874702454,0.29201334714889526,0.022192109376192093,0.7603965997695923,0.9997187852859497,0.07324063777923584,2.0062811374664307,3.509770631790161,0.4374506175518036,0.03148644417524338,0.17160367965698242,0.037035003304481506,0.06161564588546753,0.5726991891860962,0.13814592361450195,0.007202595937997103,0.042503222823143005,0.00947556458413601,1.0,8717.0,0,0.7246221303939819,629;502;539;601,718,True,,"v4.0-K[2,6]-phiapprox-stickbreaking",convex
10179,0.061545152217149734,1.3483995644492097e-05,0.18214623630046844,0.9155960083007812,3.3983731269836426,0.04552600532770157,0.1832282394170761,0.030377555638551712,,,,,,0.03284826874732971,0.09285923093557358,0.015768107026815414,8.704885423593822e-11,4.449935659067705e-05,2.043008316832129e-05,0.11586630344390869,0.2357962429523468,0.031173069030046463,0.7939162850379944,0.9995822906494141,0.06287915259599686,2.237327814102173,4.590566635131836,0.6214933395385742,0.006567119620740414,0.09351164847612381,0.02442876063287258,1.5497150798182702e-06,0.5030778646469116,0.15811750292778015,0.014541744254529476,0.04864315316081047,0.00894462876021862,1.0,6730.0,0,0.7246221303939819,629;502;539;601,716,True,,"v4.0-K[2,6]-phiapprox-stickbreaking",convex
10180,0.0113851148635149,1.2979090570297558e-05,0.2799685597419739,0.8126004934310913,2.4198882579803467,0.07651424407958984,0.06126490980386734,0.06381530314683914,,,,,,0.0072233728133141994,0.015918361023068428,0.002262589754536748,4.4356895934072327e-10,4.3502248445292935e-05,1.80970600922592e-05,0.21204710006713867,0.3449273407459259,0.03420431911945343,0.6395197510719299,0.9807896614074707,0.09143978357315063,2.0011260509490967,3.064805507659912,0.3303162157535553,0.02457576058804989,0.1311524361371994,0.02777714654803276,2.0003826648462564e-06,0.18654176592826843,0.0645541250705719,0.011999706737697124,0.12386059015989304,0.03096413053572178,1.0,8611.0,0,0.7246221303939819,629;502;539;601,708,True,,"v4.0-K[2,6]-phiapprox-stickbreaking",convex
10181,0.012309631332755089,1.325140237895539e-05,0.18036584556102753,0.9094849228858948,2.6006734371185303,0.06965497881174088,0.10158684104681015,0.04548339173197746,,,,,,0.0076605589129030704,0.017421629279851913,0.002504075411707163,4.644452045177161e-10,4.384560452308506e-05,2.2800659280619584e-05,0.08662811666727066,0.27816545963287354,0.05014701932668686,0.7930276989936829,0.9999154210090637,0.061592113226652145,2.0515379905700684,3.168962001800537,0.30152180790901184,0.016519563272595406,0.12143784016370773,0.02726856991648674,1.1587989092731732e-06,0.2947843670845032,0.09995021671056747,0.01061889249831438,0.08541422337293625,0.020154571160674095,1.0,8894.0,0,0.7246221303939819,629;502;539;601,719,True,,"v4.0-K[2,6]-phiapprox-stickbreaking",convex
10182,0.016817882657051086,1.3425817996903788e-05,0.3210330903530121,0.8999998569488525,2.520071506500244,0.07779474556446075,0.09474888443946838,0.03910618647933006,,,,,,0.010900774970650673,0.023600835353136063,0.0033111341763287783,4.464086877931095e-10,4.311365046305582e-05,2.984925959026441e-05,0.25163716077804565,0.3964460492134094,0.03830363228917122,0.760094165802002,0.99977046251297,0.07272140681743622,2.001922369003296,3.215358018875122,0.3559662997722626,0.026007384061813354,0.1350565403699875,0.028827980160713196,2.9163158615119755e-05,0.2650699317455292,0.08680795133113861,0.00997701846063137,0.07193063944578171,0.016446977853775024,1.0,8528.0,0,0.7246221303939819,629;502;539;601,696,True,,"v4.0-K[2,6]-phiapprox-stickbreaking",convex
10183,0.023768551647663116,1.3491740901372395e-05,0.3229653239250183,0.6483176946640015,3.3374595642089844,0.28495293855667114,0.27894556522369385,0.08465184271335602,,,,,,0.0067876228131353855,0.04588555917143822,0.011623994447290897,4.4438602797569615e-10,4.350980816525407e-05,2.3233373212860897e-05,0.14010553061962128,0.4867335259914398,0.08733319491147995,0.42677587270736694,0.8754522800445557,0.11333035677671432,2.0123653411865234,4.679534912109375,0.7397656440734863,0.2127450406551361,0.36101895570755005,0.03715946525335312,0.13866950571537018,0.4358014464378357,0.07579758018255234,0.016516076400876045,0.15932586789131165,0.03825673460960388,1.0,5422.0,0,0.7246221303939819,629;502;539;601,719,True,,"v4.0-K[2,6]-phiapprox-stickbreaking",convex
10185,0.009767844341695309,1.2968607734364923e-05,0.3638954162597656,0.7717674374580383,2.3377339839935303,0.13763919472694397,0.11134394258260727,0.04603703320026398,,,,,,0.006244372576475143,0.013092733919620514,0.001774985110387206,4.5859335773279497e-10,4.458164767129347e-05,1.7695479982648976e-05,0.2831484377384186,0.44738107919692993,0.04182294011116028,0.5858392715454102,0.9615935683250427,0.09845329076051712,2.00000262260437,2.971673011779785,0.3375532627105713,0.0754808709025383,0.1994953453540802,0.03193988651037216,9.761075489223003e-06,0.2829197943210602,0.08821964263916016,0.008548211306333542,0.09324201196432114,0.023627422749996185,1.0,9083.0,0,0.7246221303939819,629;502;539;601,710,True,,"v4.0-K[2,6]-phiapprox-stickbreaking",convex
10186,0.060283027589321136,1.3344898434297647e-05,0.10424435138702393,0.9266557693481445,3.490007162094116,0.11774511635303497,0.3659462034702301,0.03178810700774193,,,,,,0.03229428827762604,0.09139886498451233,0.015452227555215359,4.70190553159e-10,4.401649130159058e-05,2.033515556831844e-05,0.04515531286597252,0.1678200662136078,0.031586434692144394,0.8089103698730469,0.9999622702598572,0.05926847830414772,2.40952730178833,4.570429801940918,0.561360239982605,0.05180146545171738,0.1881936490535736,0.035753797739744186,0.1244756355881691,0.6526854038238525,0.13876156508922577,0.01282808743417263,0.05112370103597641,0.010230795480310917,1.0,8761.0,0,0.7246221303939819,629;502;539;601,718,True,,"v4.0-K[2,6]-phiapprox-stickbreaking",convex
10190,0.011525535956025124,1.2926457202411257e-05,0.33850470185279846,0.36757174134254456,2.917686700820923,0.15725289285182953,0.25039342045783997,0.055713240057229996,,,,,,0.007496212609112263,0.015575635246932507,0.0020675614941865206,4.4440254254318745e-10,4.320114021538757e-05,1.8385324437986128e-05,0.1591728925704956,0.5518581867218018,0.10505285114049911,0.14631664752960205,0.5951528549194336,0.116499163210392,2.0008883476257324,4.2990312576293945,0.6967365741729736,0.0845625102519989,0.23237740993499756,0.038184668868780136,0.00011489380995044485,0.47178715467453003,0.12993653118610382,0.010050464421510696,0.11670082807540894,0.030226871371269226,1.0,8639.0,0,0.7246221303939819,629;502;539;601,600,True,,"v4.0-K[2,6]-phiapprox-stickbreaking",convex
10191,0.04585932195186615,1.3154096450307406e-05,0.14973635971546173,0.7265382409095764,3.859347105026245,0.07104429602622986,0.2932203710079193,0.08124891668558121,,,,,,0.019497498869895935,0.07601054012775421,0.01474833209067583,4.573680323360918e-10,4.28700732300058e-05,1.7883967302623205e-05,0.08097168803215027,0.21700751781463623,0.03471394628286362,0.5212689638137817,0.9413818717002869,0.10865499824285507,2.0836942195892334,5.358068466186523,0.9241946935653687,0.01707194186747074,0.12675659358501434,0.028983255848288536,0.00027751593734137714,0.6278620958328247,0.1783362329006195,0.04296507313847542,0.12315350025892258,0.02056620642542839,1.0,6769.0,0,0.7246221303939819,629;502;539;601,708,True,,"v4.0-K[2,6]-phiapprox-stickbreaking",convex
10192,0.005324740428477526,1.3429001228359994e-05,0.40902087092399597,0.9277088642120361,2.476364850997925,0.11713984608650208,0.41475439071655273,0.03985573723912239,,,,,,0.002258148044347763,0.008623629808425903,0.0016562261153012514,4.1054207255974973e-10,4.38538336311467e-05,2.244700226583518e-05,0.3417154848575592,0.47409823536872864,0.03378644958138466,0.8342174291610718,0.9986240863800049,0.04802771657705307,2.0015182495117188,2.9445009231567383,0.26750630140304565,0.0466737300157547,0.18394368886947632,0.035181526094675064,0.00021061259030830115,0.7002067565917969,0.17962674796581268,0.007349529303610325,0.07641848921775818,0.019024373963475227,1.0,7401.0,0,0.7246221303939819,629;502;539;601,709,True,,"v4.0-K[2,6]-phiapprox-stickbreaking",convex
10196,0.023179544135928154,1.291974422201747e-05,0.19268248975276947,0.7398188710212708,3.721489429473877,0.13700109720230103,0.4600771963596344,0.033202625811100006,,,,,,0.014079843647778034,0.03335269168019295,0.005025061313062906,1.1225094465050489e-10,4.306570554035716e-05,1.7862887034425512e-05,0.117471843957901,0.26066476106643677,0.037666525691747665,0.5638521313667297,0.8948367238044739,0.08557190746068954,2.480668783187866,5.040015697479248,0.677828311920166,0.07860879600048065,0.1984873116016388,0.0314062237739563,0.21310102939605713,0.6945037245750427,0.12338321655988693,0.0081716263666749,0.06404101848602295,0.015096548944711685,1.0,8190.0,0,0.7246221303939819,629;502;539;601,718,True,,"v4.0-K[2,6]-phiapprox-stickbreaking",convex
10197,0.029164690524339676,1.3414442946668714e-05,0.2038450688123703,0.7444402575492859,3.4241371154785156,0.1054430827498436,0.37853026390075684,0.038628555834293365,,,,,,0.017423361539840698,0.044940285384655,0.0073621985502541065,2.1440051123367e-10,4.4163763959659263e-05,2.2276655727182515e-05,0.1344866007566452,0.2707938253879547,0.03401189297437668,0.5465240478515625,0.9602518081665039,0.10562717169523239,2.000396728515625,4.986886978149414,0.9234455227851868,0.04360141605138779,0.17154669761657715,0.03326354920864105,0.11477275937795639,0.7083548903465271,0.15313033759593964,0.009457956999540329,0.0707436129450798,0.016506820917129517,1.0,5948.0,0,0.7246221303939819,629;502;539;601,716,True,,"v4.0-K[2,6]-phiapprox-stickbreaking",convex
10198,0.023541584610939026,1.332075316895498e-05,0.27894073724746704,0.7082427740097046,2.8539021015167236,0.6474337577819824,0.6302149295806885,0.0694378986954689,,,,,,0.00762918358668685,0.04227706044912338,0.009400018490850925,4.65756044842891e-10,4.513237945502624e-05,1.8405789887765422e-05,0.14587146043777466,0.4070720672607422,0.06321107596158981,0.4341040253639221,0.9810060262680054,0.14741794764995575,2.0000884532928467,4.171231269836426,0.658999502658844,0.56231689453125,0.7255440950393677,0.041549816727638245,0.4966498017311096,0.7698708772659302,0.07011459022760391,0.016511347144842148,0.132362961769104,0.03176967054605484,1.0,8860.0,0,0.7246221303939819,629;502;539;601,479,True,,"v4.0-K[2,6]-phiapprox-stickbreaking",convex
10199,0.037527237087488174,1.3509828022506554e-05,0.18671990931034088,0.9233667254447937,3.8806278705596924,0.13600848615169525,0.5474588871002197,0.03744381293654442,,,,,,0.01721445843577385,0.0615217350423336,0.011664113029837608,4.561959421334194e-10,4.402461854624562e-05,2.1793435735162348e-05,0.13254345953464508,0.23469328880310059,0.02703571692109108,0.8189420104026794,0.9987205266952515,0.05426977947354317,2.7268471717834473,5.113175392150879,0.6302282810211182,0.07600945234298706,0.19882893562316895,0.03212473914027214,0.2750588059425354,0.8424044847488403,0.14635013043880463,0.017119644209742546,0.06067562848329544,0.01146009936928749,1.0,6488.0,0,0.7246221303939819,629;502;539;601,710,True,,"v4.0-K[2,6]-phiapprox-stickbreaking",convex
10200,0.027072258293628693,1.3252199096314143e-05,0.18299056589603424,0.7722669839859009,2.9612324237823486,0.06330892443656921,0.14451536536216736,0.0734269991517067,,,,,,0.014519361779093742,0.04059427231550217,0.006972263101488352,4.5739670384570275e-10,4.496696783462539e-05,1.8852517314371653e-05,0.11384791135787964,0.25254422426223755,0.035383615642786026,0.580351710319519,0.9611855149269104,0.09975922107696533,2.0025694370269775,3.9438202381134033,0.5374426245689392,0.015150029212236404,0.1183658018708229,0.027717050164937973,9.085104579753533e-07,0.3949691951274872,0.12640652060508728,0.03347489982843399,0.11784862726926804,0.022198302671313286,1.0,8423.0,0,0.7246221303939819,629;502;539;601,719,True,,"v4.0-K[2,6]-phiapprox-stickbreaking",convex
10201,0.0192357636988163,1.3193641279940493e-05,0.21952763199806213,0.8282091021537781,2.469231128692627,0.16344720125198364,0.030405914410948753,0.06529512256383896,,,,,,0.011748936027288437,0.026825249195098877,0.003922288306057453,4.5509179757985407e-10,4.417488526087254e-05,1.8544888007454574e-05,0.15367725491523743,0.2801915407180786,0.0319422222673893,0.629641592502594,0.996284008026123,0.10550932586193085,2.000093460083008,3.392595052719116,0.4330322742462158,0.09481076151132584,0.23317879438400269,0.03526424244046211,6.85854502080474e-07,0.09087659418582916,0.02980915457010269,0.021707724779844284,0.11238427460193634,0.02392110414803028,1.0,8562.0,0,0.7246221303939819,629;502;539;601,719,True,,"v4.0-K[2,6]-phiapprox-stickbreaking",convex
10202,0.02051599882543087,1.3133928405295592e-05,0.16324004530906677,0.9030078649520874,2.7233967781066895,0.10370180755853653,0.13570347428321838,0.04676271602511406,,,,,,0.013750682584941387,0.027848152443766594,0.003664663527160883,4.5840331530655476e-10,4.404335777508095e-05,1.889157465484459e-05,0.10698252171278,0.21778583526611328,0.028332658112049103,0.7696968913078308,0.9996857643127441,0.07020808756351471,2.0015978813171387,3.788297176361084,0.522854208946228,0.03786084055900574,0.16530677676200867,0.033106375485658646,1.2027570846839808e-05,0.3219601511955261,0.1004505529999733,0.015658840537071228,0.08137926459312439,0.017297955229878426,1.0,7021.0,0,0.7246221303939819,629;502;539;601,718,True,,"v4.0-K[2,6]-phiapprox-stickbreaking",convex
10203,0.049770936369895935,1.3783394933852833e-05,0.13462457060813904,0.814350962638855,3.819058656692505,0.13201875984668732,0.3560180068016052,0.04041645675897598,,,,,,0.026681602001190186,0.07558776438236237,0.012487969361245632,8.345086427441473e-11,4.45800214947667e-05,2.5734034352353774e-05,0.06200110912322998,0.20163005590438843,0.0372779555618763,0.6426337957382202,0.9828519225120544,0.09184817224740982,2.2238986492156982,5.382223606109619,0.8435407280921936,0.06443812698125839,0.19737687706947327,0.03447312116622925,0.14375729858875275,0.5892139673233032,0.11482351273298264,0.0164970550686121,0.06404624134302139,0.012282160110771656,1.0,8260.0,0,0.7246221303939819,629;502;539;601,716,True,,"v4.0-K[2,6]-phiapprox-stickbreaking",convex
10204,0.02481098100543022,1.3166945791454054e-05,0.19510336220264435,0.8410407900810242,3.5779995918273926,0.10440650582313538,0.3128146827220917,0.03114839270710945,,,,,,0.015853704884648323,0.03484120965003967,0.004897258710116148,2.7119656520468993e-10,4.355796772870235e-05,1.9936614990001544e-05,0.1385044902563095,0.24385777115821838,0.026555260643363,0.6897009015083313,0.9777161478996277,0.07854213565587997,2.4239039421081543,4.695169925689697,0.5868987441062927,0.04352307319641113,0.17230850458145142,0.03367515653371811,0.06127212941646576,0.5984680652618408,0.14167170226573944,0.009353289380669594,0.05613314360380173,0.012440959922969341,1.0,8076.0,0,0.7246221303939819,629;502;539;601,718,True,,"v4.0-K[2,6]-phiapprox-stickbreaking",convex
10208,0.024074314162135124,1.2954727935721166e-05,0.2705184817314148,0.5588748455047607,2.6392788887023926,0.1313885748386383,0.08925844728946686,0.06018766760826111,,,,,,0.01626083441078663,0.032619137316942215,0.004306675400584936,8.845541486779407e-12,4.30016552854795e-05,1.7990934793488123e-05,0.17763864994049072,0.3647346794605255,0.0465732105076313,0.3028099238872528,0.8270847797393799,0.13614410161972046,2.0003700256347656,4.142131805419922,0.6709640622138977,0.05983006954193115,0.20550000667572021,0.03740956261754036,5.194212917558616e-06,0.23390302062034607,0.07585794478654861,0.021713530644774437,0.10314913839101791,0.021647926419973373,1.0,9160.0,0,0.7246221303939819,629;502;539;601,694,True,,"v4.0-K[2,6]-phiapprox-stickbreaking",convex
10209,0.014106583781540394,1.3119807590555865e-05,0.157526433467865,0.9283463358879089,2.5256168842315674,0.09481973946094513,0.2685767114162445,0.04197769612073898,,,,,,0.008211893029510975,0.020739423111081123,0.0033898651599884033,4.534455311233643e-10,4.335343692218885e-05,2.322171894775238e-05,0.07744097709655762,0.2483161985874176,0.04547940939664841,0.8150383234024048,0.9997994303703308,0.05789165943861008,2.0010488033294678,3.3266053199768066,0.36534586548805237,0.034752752631902695,0.1544862985610962,0.031171193346381187,0.0004177696828264743,0.5619409680366516,0.15925192832946777,0.008787287399172783,0.0838945060968399,0.020907985046505928,1.0,7383.0,0,0.7246221303939819,629;502;539;601,715,True,,"v4.0-K[2,6]-phiapprox-stickbreaking",convex
10212,0.03444837033748627,1.3381324606598355e-05,0.18362514674663544,0.7427204251289368,2.715817928314209,0.11254609376192093,0.6322367191314697,0.0568261556327343,,,,,,0.02144540101289749,0.04933419078588486,0.007325396873056889,4.626926064510428e-10,4.3688083678716794e-05,2.109976230713073e-05,0.07558010518550873,0.2693314254283905,0.051537249237298965,0.5086874961853027,0.9709210395812988,0.12539012730121613,2.0005645751953125,3.9984540939331055,0.6168628931045532,0.06183845177292824,0.1693672239780426,0.02775554358959198,0.3694494962692261,0.9275913834571838,0.14614689350128174,0.025942577049136162,0.09273704141378403,0.01752805896103382,1.0,6576.0,0,0.7246221303939819,629;502;539;601,716,True,,"v4.0-K[2,6]-phiapprox-stickbreaking",convex
10215,0.01631108485162258,1.3153670806786977e-05,0.2057298719882965,0.5909372568130493,3.0585176944732666,0.11507017910480499,0.040431663393974304,0.0506775826215744,,,,,,0.011344864033162594,0.022205477580428123,0.002814840991050005,4.617181359467537e-10,4.375940625322983e-05,1.834143949963618e-05,0.13267004489898682,0.27694082260131836,0.03604336082935333,0.3992061913013458,0.785058856010437,0.09807050228118896,2.0105907917022705,4.256392002105713,0.6510592103004456,0.05534055456519127,0.17671117186546326,0.031019432470202446,3.128096295768046e-06,0.12352495640516281,0.041880153119564056,0.009531315416097641,0.1012943908572197,0.025235572829842567,1.0,8171.0,0,0.7246221303939819,629;502;539;601,719,True,,"v4.0-K[2,6]-phiapprox-stickbreaking",convex
10216,0.01161942444741726,1.3291601135279052e-05,0.22659197449684143,0.8892126679420471,2.5640039443969727,0.14740726351737976,0.23885202407836914,0.05576902627944946,,,,,,0.006470860913395882,0.017266971990466118,0.0027772949542850256,4.309175516414854e-10,4.546664422377944e-05,1.9354793039383367e-05,0.13875125348567963,0.3151634931564331,0.047060444951057434,0.7557277679443359,0.998772382736206,0.07064230740070343,2.0016672611236572,3.097212076187134,0.31386375427246094,0.08213823288679123,0.21818211674690247,0.03510834649205208,0.001446005073376,0.4387534260749817,0.11765031516551971,0.012760586105287075,0.10377722233533859,0.024316098541021347,1.0,9022.0,0,0.7246221303939819,629;502;539;601,717,True,,"v4.0-K[2,6]-phiapprox-stickbreaking",convex
10217,0.05044558271765709,1.3296038559929002e-05,0.1691579520702362,0.7122080326080322,3.102700710296631,0.07713374495506287,0.11026444286108017,0.06916198134422302,,,,,,0.030905913561582565,0.0708874985575676,0.010516148991882801,3.184447983084482e-10,4.339321094448678e-05,1.951353988260962e-05,0.0675613060593605,0.24538007378578186,0.047719262540340424,0.4820924699306488,0.9431095719337463,0.11981435865163803,2.00346040725708,4.349677562713623,0.6737337708473206,0.016626331955194473,0.13838280737400055,0.03254411742091179,7.5911616477242205e-06,0.31225523352622986,0.10479394346475601,0.039662111550569534,0.10090553015470505,0.015813656151294708,1.0,5711.0,0,0.7246221303939819,629;502;539;601,719,True,,"v4.0-K[2,6]-phiapprox-stickbreaking",convex
10218,0.010263228788971901,1.2777200026903301e-05,0.3852154612541199,0.8966679573059082,2.1608848571777344,0.08607733249664307,0.05587876960635185,0.04035066440701485,,,,,,0.006844909396022558,0.013738243840634823,0.0017871673917397857,4.645160645022628e-10,4.2072093492606655e-05,1.7029551599989645e-05,0.29968661069869995,0.46596062183380127,0.042060911655426025,0.7634384632110596,0.9995480179786682,0.07045038044452667,2.0000362396240234,2.4412949085235596,0.13950537145137787,0.03068648837506771,0.14171801507472992,0.028261680155992508,5.322867309587309e-06,0.18001466989517212,0.06107594817876816,0.008986604399979115,0.0791233628988266,0.019178971648216248,1.0,9487.0,0,0.7246221303939819,629;502;539;601,694,True,,"v4.0-K[2,6]-phiapprox-stickbreaking",convex
10220,0.023717181757092476,1.3452375242195558e-05,0.17156073451042175,0.8002541661262512,2.544734477996826,0.16162839531898499,0.33066612482070923,0.06987602263689041,,,,,,0.01513693481683731,0.03336090222001076,0.004788429010659456,4.498908745542707e-10,4.431895649759099e-05,2.00034355657408e-05,0.08113738894462585,0.2537055015563965,0.04586423188447952,0.5873409509658813,0.9923577308654785,0.11514206975698471,2.0011494159698486,3.2743406295776367,0.3914320170879364,0.08600528538227081,0.23249712586402893,0.03745461627840996,0.12411842495203018,0.5594425201416016,0.11140742897987366,0.026923567056655884,0.1161041185259819,0.02327602542936802,1.0,9667.0,0,0.7246221303939819,629;502;539;601,718,True,,"v4.0-K[2,6]-phiapprox-stickbreaking",convex
10221,0.01346465665847063,1.343829444522271e-05,0.391813725233078,0.6618834733963013,2.419065237045288,0.21608689427375793,0.06586740165948868,0.04623297601938248,,,,,,0.008905370719730854,0.01823912374675274,0.0024329056032001972,4.5792028502411597e-10,4.33717759733554e-05,2.3416210751747712e-05,0.2549746036529541,0.5258145332336426,0.07051627337932587,0.43576863408088684,0.8885548710823059,0.1184680312871933,2.000295639038086,3.351369857788086,0.4440915286540985,0.1489374339580536,0.28438445925712585,0.034660033881664276,7.196098295025877e-07,0.16759169101715088,0.052091117948293686,0.007736611180007458,0.09296811372041702,0.023357423022389412,1.0,9592.0,0,0.7246221303939819,629;502;539;601,707,True,,"v4.0-K[2,6]-phiapprox-stickbreaking",convex
10222,0.02290477231144905,1.3309801943250932e-05,0.22731126844882965,0.7780371904373169,2.941389799118042,0.12352675199508667,0.2941494882106781,0.031980179250240326,,,,,,0.014575732871890068,0.03223136067390442,0.0045841452665627,4.4219350403551516e-10,4.386838190839626e-05,2.0405086615937762e-05,0.13406166434288025,0.3032437860965729,0.041704192757606506,0.5944768786430359,0.9460263848304749,0.09334626793861389,2.0004427433013916,3.8438937664031982,0.49510008096694946,0.05658519268035889,0.1921483278274536,0.03518528863787651,0.037976037710905075,0.5562942028045654,0.13545885682106018,0.007328462321311235,0.06054485961794853,0.014423706568777561,1.0,5651.0,0,0.7246221303939819,629;502;539;601,710,True,,"v4.0-K[2,6]-phiapprox-stickbreaking",convex
10225,0.03951853886246681,1.3189091987442225e-05,0.16809900104999542,0.8103674054145813,2.5734317302703857,0.078945592045784,0.31365272402763367,0.04135264456272125,,,,,,0.025143014267086983,0.056149572134017944,0.008063513785600662,4.142412524110739e-10,4.368997906567529e-05,1.884591802081559e-05,0.0698879137635231,0.25095680356025696,0.047668568789958954,0.5739344954490662,0.9977539777755737,0.12395688146352768,2.0000345706939697,3.6570980548858643,0.5213769674301147,0.023871373385190964,0.14124563336372375,0.03102983720600605,0.015548372641205788,0.6253836154937744,0.1617206633090973,0.017570417374372482,0.06872367858886719,0.013557752594351768,1.0,7725.0,0,0.7246221303939819,629;502;539;601,713,True,,"v4.0-K[2,6]-phiapprox-stickbreaking",convex
10226,0.014390530064702034,1.3264797416923102e-05,0.25989097356796265,0.610827624797821,3.213874101638794,0.06393709778785706,0.09813828021287918,0.04870705306529999,,,,,,0.010034634731709957,0.01913297176361084,0.0023525510914623737,4.682559895385907e-10,4.334382902015932e-05,2.058727841358632e-05,0.18464058637619019,0.3379286527633667,0.038155294954776764,0.4200035035610199,0.7853536605834961,0.0925465077161789,2.0117173194885254,4.456727027893066,0.6883003115653992,0.015345498919487,0.11307365447282791,0.025783374905586243,2.1042100343038328e-05,0.29725387692451477,0.09746302664279938,0.009542208164930344,0.09540840983390808,0.0234905444085598,1.0,9122.0,0,0.7246221303939819,629;502;539;601,718,True,,"v4.0-K[2,6]-phiapprox-stickbreaking",convex
10227,0.02816805988550186,1.3758798559138086e-05,0.17760078608989716,0.7923120260238647,3.7986819744110107,0.05715771019458771,0.20716847479343414,0.05075760558247566,,,,,,0.01486223004758358,0.0417664535343647,0.007082217838615179,4.407076925616593e-10,4.419479955686256e-05,2.8785845643142238e-05,0.11281909793615341,0.23332613706588745,0.03133981674909592,0.6233131885528564,0.9766280055046082,0.09206030517816544,2.200824737548828,5.21040153503418,0.8218008279800415,0.0117296501994133,0.11110859364271164,0.02698693983256817,4.815647116629407e-06,0.5412724018096924,0.16631828248500824,0.0177252646535635,0.08363541960716248,0.01698039472103119,1.0,5599.0,0,0.7246221303939819,629;502;539;601,717,True,,"v4.0-K[2,6]-phiapprox-stickbreaking",convex
10228,0.03218744695186615,1.3405993740889244e-05,0.17034533619880676,0.8180640935897827,3.3158109188079834,0.07360278069972992,0.33788001537323,0.03676125407218933,,,,,,0.01913445256650448,0.04572424665093422,0.006903687492012978,4.495838978879618e-10,4.313484896556474e-05,2.0310584659455344e-05,0.11261962354183197,0.22524669766426086,0.02840081974864006,0.6424790620803833,0.9852113127708435,0.09257406741380692,2.0178956985473633,4.641290664672852,0.744581937789917,0.020428309217095375,0.13165195286273956,0.02958643063902855,0.00018433709919918329,0.6998965740203857,0.19212163984775543,0.013972897082567215,0.061369940638542175,0.01252839807420969,1.0,8423.0,0,0.7246221303939819,629;502;539;601,712,True,,"v4.0-K[2,6]-phiapprox-stickbreaking",convex
10229,0.018331779167056084,1.3050908819423057e-05,0.27137306332588196,0.7951540350914001,2.221817970275879,0.07850731909275055,0.09281796216964722,0.04074143245816231,,,,,,0.012950263917446136,0.024916866794228554,0.0031208095606416464,4.910269413294088e-10,4.3032421672251076e-05,1.8887423721025698e-05,0.15184126794338226,0.40201833844184875,0.06311429291963577,0.5923743844032288,0.984666109085083,0.10724614560604095,2.000048875808716,2.627983331680298,0.2040291279554367,0.019634410738945007,0.13547147810459137,0.030551476404070854,1.5094032050910755e-06,0.26835060119628906,0.09025699645280838,0.009664518758654594,0.0769447311758995,0.01836814545094967,1.0,8945.0,0,0.7246221303939819,629;502;539;601,707,True,,"v4.0-K[2,6]-phiapprox-stickbreaking",convex
10234,0.023229165002703667,1.3234143807494547e-05,0.19415892660617828,0.8362558484077454,3.202291488647461,0.05873904749751091,0.1681988686323166,0.04109128564596176,,,,,,0.014117793180048466,0.034008678048849106,0.005350335501134396,4.527852814906197e-10,4.366564462543465e-05,2.029219103860669e-05,0.10778715461492538,0.26149454712867737,0.03832360357046127,0.6845555901527405,0.9854820966720581,0.08092501759529114,2.3342955112457275,4.189983367919922,0.4619129002094269,0.014151145704090595,0.10848872363567352,0.02559010498225689,3.876880782627268e-06,0.4521060287952423,0.14431460201740265,0.010895760729908943,0.07122103869915009,0.015996068716049194,1.0,8579.0,0,0.7246221303939819,629;502;539;601,708,True,,"v4.0-K[2,6]-phiapprox-stickbreaking",convex
10235,0.012551584281027317,1.3274542652652599e-05,0.22201479971408844,0.8690263628959656,3.491332769393921,0.08963340520858765,0.3163864016532898,0.06840533763170242,,,,,,0.006043462082743645,0.02041955292224884,0.0038836239837110043,4.533834141451365e-10,4.308901043259539e-05,1.8392887795926072e-05,0.17267969250679016,0.2760597765445709,0.025678418576717377,0.7414312958717346,0.9958416223526001,0.07136331498622894,2.353818655014038,4.554566383361816,0.5844073295593262,0.032017335295677185,0.14864012598991394,0.030211729928851128,0.006142999976873398,0.615068793296814,0.16398146748542786,0.016705572605133057,0.12683677673339844,0.029946284368634224,1.0,7002.0,0,0.7246221303939819,629;502;539;601,720,True,,"v4.0-K[2,6]-phiapprox-stickbreaking",convex
10236,0.040563829243183136,1.3210384167905431e-05,0.18258017301559448,0.8651096224784851,3.0192503929138184,0.05402412265539169,0.20408223569393158,0.05759497731924057,,,,,,0.018605273216962814,0.06398525834083557,0.011421585455536842,4.626437566379593e-10,4.217622336000204e-05,2.4648023099871352e-05,0.09824597835540771,0.2708650231361389,0.04252420738339424,0.6860363483428955,0.9998673796653748,0.09460469335317612,2.000379800796509,4.690569877624512,0.8798671364784241,0.011536216363310814,0.10352358222007751,0.025046220049262047,0.0001165182693512179,0.5077170133590698,0.15598930418491364,0.024138465523719788,0.0883995071053505,0.01641319878399372,1.0,3360.0,0,0.7246221303939819,629;502;539;601,718,True,,"v4.0-K[2,6]-phiapprox-stickbreaking",convex
10239,0.034027907997369766,1.3130660590832122e-05,0.22352361679077148,0.7609909176826477,2.5848162174224854,0.11683094501495361,0.05503002181649208,0.07612535357475281,,,,,,0.020777039229869843,0.048637472093105316,0.007081015966832638,3.7978989397835505e-10,4.35374204243999e-05,2.120047247444745e-05,0.15091103315353394,0.2951386570930481,0.03625047951936722,0.5406495332717896,0.9806427955627441,0.11905132979154587,2.0003507137298584,3.531705856323242,0.4833970069885254,0.05157496780157089,0.18427258729934692,0.034629128873348236,2.3263494313141564e-06,0.15759526193141937,0.052169762551784515,0.04101598635315895,0.11394251883029938,0.018896223977208138,1.0,9454.0,0,0.7246221303939819,629;502;539;601,718,True,,"v4.0-K[2,6]-phiapprox-stickbreaking",convex
10240,0.0628661960363388,1.3408839549811091e-05,0.14654849469661713,0.8409978747367859,3.4238741397857666,0.06491362303495407,0.1632116436958313,0.01922238990664482,,,,,,0.03406529873609543,0.09295451641082764,0.01525716669857502,4.4872744409119036e-10,4.312777309678495e-05,2.516006861696951e-05,0.07546089589595795,0.2106490433216095,0.03572433441877365,0.6487222909927368,0.997304379940033,0.10086067020893097,2.0005991458892822,5.095344543457031,0.951943039894104,0.010930812917649746,0.13305330276489258,0.03396737575531006,5.306212187861092e-06,0.43967199325561523,0.13753429055213928,0.005844896659255028,0.03360532969236374,0.007372117135673761,1.0,6359.0,0,0.7246221303939819,629;502;539;601,720,True,,"v4.0-K[2,6]-phiapprox-stickbreaking",convex
10241,0.03987114876508713,1.3076204595563468e-05,0.11646104604005814,0.9147443771362305,4.514840602874756,0.20284859836101532,0.6495609879493713,0.07603882253170013,,,,,,0.009871866554021835,0.06907597929239273,0.01511330809444189,1.94467345004945e-10,4.3729338358389214e-05,1.9323157175676897e-05,0.05592964217066765,0.17349481582641602,0.02990356646478176,0.8000144958496094,0.9999653697013855,0.059816744178533554,3.258025646209717,5.742624282836914,0.6530786752700806,0.14138871431350708,0.27292579412460327,0.033309392631053925,0.4222431182861328,0.8717806339263916,0.11649733781814575,0.04260910302400589,0.11048408597707748,0.017630459740757942,1.0,9241.0,0,0.7246221303939819,629;502;539;601,720,True,,"v4.0-K[2,6]-phiapprox-stickbreaking",convex
10242,0.028739532455801964,1.3460325135383755e-05,0.18787173926830292,0.9408473968505859,3.833513021469116,0.08347048610448837,0.229974165558815,0.024757882580161095,,,,,,0.014834227040410042,0.043351173400878906,0.007531297393143177,4.5221798528061186e-10,4.490678838919848e-05,2.3184918973129243e-05,0.14567936956882477,0.23112961649894714,0.022324638441205025,0.8531322479248047,0.9999651908874512,0.0451694130897522,2.840982675552368,4.880589485168457,0.5427080392837524,0.023618528619408607,0.14549385011196136,0.03215223178267479,2.0112340280320495e-05,0.4878133237361908,0.136237233877182,0.008261972106993198,0.04340089112520218,0.009358623065054417,1.0,9752.0,0,0.7246221303939819,629;502;539;601,719,True,,"v4.0-K[2,6]-phiapprox-stickbreaking",convex
10243,0.018762225285172462,1.3073490663373377e-05,0.26849713921546936,0.7600575089454651,2.487948179244995,0.21888208389282227,0.3359425961971283,0.03035193681716919,,,,,,0.013111397624015808,0.02465021423995495,0.002990602282807231,8.27169999162436e-11,4.3515781726455316e-05,1.8768369045574218e-05,0.18934151530265808,0.34916967153549194,0.04011218622326851,0.5448045134544373,0.9568151831626892,0.10976886749267578,2.0003464221954346,3.259182929992676,0.3910501003265381,0.14223933219909668,0.2890346050262451,0.03815775737166405,0.1715690791606903,0.5135935544967651,0.0884874165058136,0.006112063769251108,0.059189774096012115,0.014450939372181892,1.0,9721.0,0,0.7246221303939819,629;502;539;601,711,True,,"v4.0-K[2,6]-phiapprox-stickbreaking",convex
10245,0.03230062127113342,1.3609424058813602e-05,0.12269838154315948,0.8714437484741211,4.777251243591309,0.11552835255861282,0.7659410238265991,0.06890340894460678,,,,,,0.009566034190356731,0.0564575120806694,0.012631905265152454,4.417405607970437e-10,4.356559657026082e-05,2.679089993762318e-05,0.05218887701630592,0.1864965856075287,0.03422115370631218,0.7407104969024658,0.9881668090820312,0.06734609603881836,3.7450170516967773,5.710741996765137,0.509244441986084,0.0690298080444336,0.16225337982177734,0.02405170351266861,0.5461153388023376,0.9801680445671082,0.11962276697158813,0.03453025594353676,0.10605419427156448,0.018297098577022552,1.0,8646.0,0,0.7246221303939819,629;502;539;601,719,True,,"v4.0-K[2,6]-phiapprox-stickbreaking",convex
10246,0.03294628486037254,1.336440345767187e-05,0.21118062734603882,0.7700865268707275,2.483550548553467,0.06378418207168579,0.1425345093011856,0.0568498931825161,,,,,,0.021579960361123085,0.0440974235534668,0.005763257388025522,4.4082923422728015e-10,4.4202410208527e-05,2.1705451217712834e-05,0.15837982296943665,0.26695552468299866,0.027817348018288612,0.5355193614959717,0.9938202500343323,0.128525048494339,2.000188112258911,3.397158622741699,0.439684122800827,0.01441104430705309,0.11628123372793198,0.027200473472476006,6.140096047602128e-06,0.3800244927406311,0.12262240797281265,0.02446383237838745,0.09062645584344864,0.017344407737255096,1.0,6870.0,0,0.7246221303939819,629;502;539;601,715,True,,"v4.0-K[2,6]-phiapprox-stickbreaking",convex
10248,0.04259544238448143,1.3137055248080287e-05,0.23304742574691772,0.87119060754776,2.382852077484131,0.08396347612142563,0.41812682151794434,0.04152286797761917,,,,,,0.02694842591881752,0.05897719785571098,0.008407415822148323,4.6341619430734227e-10,4.37189191870857e-05,1.8972425095853396e-05,0.1546029895544052,0.30602553486824036,0.03793692588806152,0.6773343086242676,0.9994294047355652,0.09801048040390015,2.000333309173584,2.982616901397705,0.3118860423564911,0.03224533423781395,0.14153800904750824,0.029133062809705734,0.10546919703483582,0.7578254342079163,0.16972865164279938,0.016314348205924034,0.06734776496887207,0.013353540562093258,1.0,9152.0,0,0.7246221303939819,629;502;539;601,718,True,,"v4.0-K[2,6]-phiapprox-stickbreaking",convex
