k,silhouette_score,optimal
2,0.3111568003265877,False
3,0.3198339060130376,False
4,0.3265504249458214,True
