parameter,pearson_r,p_value,rmse,bias,pass_fail
alpha_pos,0.8188776734503651,1.6475210301770606e-37,0.17590886450277887,-0.00939698162992305,PASS
alpha_neg,0.9117916718407295,4.465871229275239e-59,0.1252388294567718,0.007865021398609291,PASS
epsilon,0.9963890401699492,1.994552027446058e-160,0.025884048229502882,-0.008844154086105421,PASS
