{
  "model": "qlearning",
  "n_participants": 154,
  "n_starts": 50,
  "total_time_s": 15411.68367266655,
  "total_time_min": 256.8613945444425,
  "avg_time_per_participant_s": 100.07586800432824,
  "jit_compilation_time_s": null,
  "steady_state_avg_s": null,
  "n_jobs": 1,
  "peak_memory_mb": 1948.6015625,
  "initial_memory_mb": 1931.265625,
  "memory_increase_mb": 17.3359375,
  "timestamp": "2026-04-09T19:34:08.564955",
  "seed": 42,
  "data_file": "output/ppc/wmrl_m6b/synthetic_trials.csv",
  "n_converged": 120,
  "convergence_rate": 0.7792207792207793
}