{
  "model": "qlearning",
  "n_participants": 5,
  "n_starts": 20,
  "total_time_s": 1264.7536828517914,
  "total_time_min": 21.079228047529856,
  "avg_time_per_participant_s": 252.9507365703583,
  "jit_compilation_time_s": 1129.589868068695,
  "steady_state_avg_s": 32.218114733695984,
  "n_jobs": 1,
  "peak_memory_mb": 6990.77734375,
  "initial_memory_mb": 183.36328125,
  "memory_increase_mb": 6807.4140625,
  "timestamp": "2026-02-04T07:12:33.302237",
  "seed": 42,
  "data_file": "output/task_trials_long.csv",
  "n_converged": 2,
  "convergence_rate": 0.4,
  "hessian_success_count": 0,
  "hessian_success_rate": 0.0
}