parameter,mean,sd,se,ci_lower,ci_upper,n
alpha_pos,0.021658742800354958,0.0045301065969888706,0.0032032690942287445,-0.019042650135976336,0.06236013573668625,2
alpha_neg,0.0010000000474974513,0.0,0.0,0.0010000000474974513,0.0010000000474974513,2
epsilon,0.1453332081437111,0.02724501889303361,0.01926513761281967,-0.09945357463535545,0.3901199909227776,2
nll,793.8971252441406,43.36816572570162,30.665924072265625,,,2
aic,1593.7942504882812,86.73633145140325,61.33184814453125,,,2
bic,1608.484331949596,86.74062128166906,61.33488151260235,,,2
