alpha_pos,alpha_neg,epsilon,nll,aic,bic,aicc,pseudo_r2,n_trials,converged,n_successful_starts,at_bounds,grad_norm,hessian_condition,hessian_invertible,alpha_pos_se,alpha_neg_se,epsilon_se,alpha_pos_ci_lower,alpha_pos_ci_upper,alpha_neg_ci_lower,alpha_neg_ci_upper,epsilon_ci_lower,epsilon_ci_upper,high_correlations,participant_id
0.024862012,0.001,0.16459835,763.231201171875,1532.46240234375,1547.1494504369937,1532.4867925876524,0.29683909079740933,988,True,20,['alpha_neg'],2.1904261302552186e-05,inf,False,0.003264424856752157,,0.0358256921172142,0.01846385674511215,0.03126016704405526,,,0.0943812794855704,0.23481541202749112,[],10000
0.018455474,0.001,0.12606807,824.5630493164062,1655.1260986328125,1669.8192134621984,1655.1504394036035,0.2418690582678461,990,True,2,['alpha_neg'],,,False,"INTERNAL: Failed to materialize symbols: { (<xla_jit_dylib_20>, { bitcast_dynamic-update-slice_fusion.6 }) }",9187
,,,,,,,119,False,0,[],10001
,,,,,,,986,False,0,[],10002
,,,,,,,973,False,0,[],10003
0.018455556,0.001,0.1260696,824.56298828125,1655.1259765625,1669.8190913918859,1655.150317333291,0.2418691143856172,990,False,20,['alpha_neg'],1.8902515876106918e-05,inf,False,0.0032694092951714993,,0.06653676182031631,0.012047631193256157,0.0248634801317694,,,-0.004340051465245326,0.25647926216623407,[],9187
0.99899954,0.999,0.77130365,125.53474426269531,257.0694885253906,265.4068590047252,257.2781841775645,0.039776062752322816,119,True,4,"['alpha_pos', 'alpha_neg']",,,False,"INTERNAL: Failed to materialize symbols: { (<xla_jit_dylib_0>, { add_dynamic-update-slice_fusion }) }",10001
,,,,,,,986,False,0,[],10002
0.013506091,0.001,0.5045923,125.26195526123047,256.52391052246094,264.86128100179553,256.73260617463484,0.04186264468279055,119,False,19,['alpha_neg'],7.537460078310687e-07,inf,False,0.00912119448184967,,0.26540181040763855,-0.004371121480595562,0.03138330388022611,,,-0.015585690369334437,1.0247702892920638,[],10001
