parameter,mean,sd,se,ci_lower,ci_upper,n
alpha_pos,0.024862011894583702,,,,,1
alpha_neg,0.0010000000474974513,,,,,1
epsilon,0.16459834575653076,,,,,1
nll,763.231201171875,,,,,1
aic,1532.46240234375,,,,,1
bic,1547.1494504369937,,,,,1
