parameter,mean,sd,se,ci_lower,ci_upper,n
alpha_pos,0.021658742800354958,0.004530106671154499,0.003203269146671763,-0.019042650802328073,0.06236013640303799,2
alpha_neg,0.0010000000474974513,0.0,0.0,0.0010000000474974513,0.0010000000474974513,2
epsilon,0.1453332006931305,0.027245018631219864,0.019265137427689392,-0.09945357973363284,0.3901199811198938,2
nll,793.8971252441406,43.36816572570162,30.665924072265625,,,2
aic,1593.7942504882812,86.73633145140325,61.33184814453125,,,2
bic,1608.484331949596,86.74062128166906,61.33488151260235,,,2
