participant_id,n_trials,n_blocks,fit_time_s,is_first_fit,memory_before_mb,memory_after_mb,nll,converged
10000,988,17,47.54419159889221,True,1867.640625,1981.95703125,763.231201171875,True
9187,990,17,44.618563175201416,False,1981.95703125,1984.95703125,824.56298828125,True
10002,986,17,63.9244339466095,False,1984.95703125,1999.20703125,478.10931396484375,True
10003,973,17,38.73023343086243,False,1999.20703125,2011.96484375,679.1678466796875,True
10004,990,17,49.59882974624634,False,2011.96484375,2023.5546875,407.0059509277344,False
10005,985,17,50.01644706726074,False,2023.5546875,2035.828125,447.5691833496094,True
