{
  "model": "qlearning",
  "n_participants": 154,
  "n_starts": 50,
  "total_time_s": 8133.837470769882,
  "total_time_min": 135.5639578461647,
  "avg_time_per_participant_s": 52.817126433570664,
  "jit_compilation_time_s": null,
  "steady_state_avg_s": null,
  "n_jobs": 1,
  "peak_memory_mb": 2312.61328125,
  "initial_memory_mb": 2291.40625,
  "memory_increase_mb": 21.20703125,
  "timestamp": "2026-04-05T04:34:08.084903",
  "seed": 42,
  "data_file": "output/task_trials_long.csv",
  "n_converged": 138,
  "convergence_rate": 0.8961038961038961,
  "hessian_success_count": 136,
  "hessian_success_rate": 0.8831168831168831
}