parameter,mean,sd,se,ci_lower,ci_upper,n
alpha_pos,0.04737139716744423,0.0360871895535407,0.016138681791727456,0.0025632331024577765,0.09217956123243068,5
alpha_neg,0.006175308651290834,0.01011477115842275,0.004523463177417513,-0.006383838546192479,0.018734455848774145,5
epsilon,0.12194281220436096,0.027519931751356936,0.012307287626437789,0.08777230371567639,0.1561133206930455,5
nll,638.5281066894531,168.82752061732492,75.50196251461715,,,5
aic,1283.0562133789062,337.65504123464984,151.0039250292343,,,5
bic,1297.7322552102085,337.6579749629817,151.00523703242982,,,5
