participant_id,n_trials,n_blocks,fit_time_s,is_first_fit,memory_before_mb,memory_after_mb,nll,converged
10000,988,17,1129.589868068695,True,349.10546875,6143.62890625,763.231201171875,True
9187,990,17,111.00293707847595,False,6143.62890625,6985.71484375,824.5630493164062,True
10001,119,17,5.983908176422119,False,6985.71484375,6985.99609375,,False
10002,986,17,5.933151483535767,False,6985.99609375,6987.68359375,,False
10003,973,17,5.952462196350098,False,6987.68359375,6990.77734375,,False
