participant_id,n_trials,n_blocks,fit_time_s,is_first_fit,memory_before_mb,memory_after_mb,nll,converged
9187,990,17,24.14768648147583,False,1814.59375,1919.0859375,824.56298828125,False
10002,986,17,19.02104687690735,False,1919.0859375,1939.3359375,478.109375,False
