participant_id,alpha_pos,alpha_neg,epsilon,nll,aic,bic,aicc,n_trials,converged,n_successful_starts,at_bounds
10000,0.024862012,0.001,0.16459835,763.231201171875,1532.46240234375,1547.1494504369937,1532.4867925876524,988,True,3,['alpha_neg']
