{
  "model": "qlearning",
  "n_participants": 6,
  "n_starts": 50,
  "total_time_s": 296.844407081604,
  "total_time_min": 4.9474067846934,
  "avg_time_per_participant_s": 49.474067846934,
  "jit_compilation_time_s": 47.54419159889221,
  "steady_state_avg_s": 49.37770147323609,
  "n_jobs": 1,
  "peak_memory_mb": 2035.828125,
  "initial_memory_mb": 527.125,
  "memory_increase_mb": 1508.703125,
  "timestamp": "2026-02-05T21:29:44.538750",
  "seed": 42,
  "data_file": "output/task_trials_long.csv",
  "n_converged": 5,
  "convergence_rate": 0.8333333333333334
}