participant_id,alpha_pos,alpha_neg,epsilon,nll,aic,bic,aicc,n_trials,converged,n_successful_starts,at_bounds
10000,0.024862012,0.001,0.16459835,763.231201171875,1532.46240234375,1547.1494504369937,1532.4867925876524,988,True,5,['alpha_neg']
9187,0.018455474,0.001,0.12606807,824.5630493164062,1655.1260986328125,1669.8192134621984,1655.1504394036035,990,True,5,['alpha_neg']
