participant_id,n_trials,n_blocks,fit_time_s,is_first_fit,memory_before_mb,memory_after_mb,nll,converged
10000,988,17,21.913514375686646,True,1865.50390625,1960.86328125,763.231201171875,False
9187,990,17,22.55694603919983,False,1960.86328125,1976.05859375,824.56298828125,False
10002,986,17,19.176373720169067,False,1976.05859375,1991.05859375,478.109375,False
10003,973,17,17.098729133605957,False,1991.05859375,2004.33203125,670.1763916015625,False
10004,990,17,21.696876049041748,False,2004.33203125,2015.06640625,407.0060729980469,True
10005,985,17,24.6123685836792,False,2015.06640625,2027.29296875,453.7012634277344,False
