{
  "model": "qlearning",
  "n_participants": 3,
  "n_starts": 20,
  "total_time_s": 1203.017834663391,
  "total_time_min": 20.050297244389853,
  "avg_time_per_participant_s": 401.00594488779706,
  "jit_compilation_time_s": 1087.7951810359955,
  "steady_state_avg_s": 56.93529498577118,
  "n_jobs": 1,
  "peak_memory_mb": 6922.65625,
  "initial_memory_mb": 183.671875,
  "memory_increase_mb": 6738.984375,
  "timestamp": "2026-02-04T02:00:26.403781",
  "seed": 42,
  "data_file": "output/task_trials_long.csv",
  "n_converged": 2,
  "convergence_rate": 0.6666666666666666,
  "hessian_success_count": 0,
  "hessian_success_rate": 0.0
}