parameter,mean,sd,se,ci_lower,ci_upper,n
alpha_pos,0.021658767014741898,0.004530071280896664,0.00320324412198046,-0.019042308619914496,0.06235984264939829,2
alpha_neg,0.0010000000474974513,0.0,0.0,0.0010000000474974513,0.0010000000474974513,2
epsilon,0.14533375203609467,0.02724424935877323,0.0192645934699258,-0.09944611675691534,0.39011362082910467,2
nll,793.8970947265625,43.36812256732875,30.6658935546875,,,2
aic,1593.794189453125,86.7362451346575,61.331787109375,,,2
bic,1608.4842709144398,86.74053496492331,61.3348204774461,,,2
