{
  "model": "qlearning",
  "n_participants": 3,
  "n_starts": 20,
  "total_time_s": 45.4520845413208,
  "total_time_min": 0.7575347423553467,
  "avg_time_per_participant_s": 15.150694847106934,
  "jit_compilation_time_s": 24.14768648147583,
  "steady_state_avg_s": 19.02104687690735,
  "n_jobs": 1,
  "peak_memory_mb": 1939.3359375,
  "initial_memory_mb": 513.359375,
  "memory_increase_mb": 1425.9765625,
  "timestamp": "2026-02-05T20:29:16.723360",
  "seed": 42,
  "data_file": "output/task_trials_long.csv",
  "n_converged": 1,
  "convergence_rate": 0.3333333333333333
}