participant_id,alpha_pos,alpha_neg,epsilon,nll,aic,bic,aicc,pseudo_r2,grad_norm,hessian_condition,hessian_invertible,alpha_pos_se,alpha_neg_se,epsilon_se,alpha_pos_ci_lower,alpha_neg_ci_lower,epsilon_ci_lower,alpha_pos_ci_upper,alpha_neg_ci_upper,epsilon_ci_upper,n_trials,converged,n_successful_starts,at_bounds,high_correlations
10000,0.024862011894583702,0.0010000000474974513,0.16459834575653076,763.231201171875,1532.46240234375,1547.1494504369937,1532.4867925876524,0.29683909079740933,2.1904261302552186e-05,inf,False,0.003264424856752157,,0.0358256921172142,0.01846385674511215,,0.0943812794855704,0.03126016704405526,,0.23481541202749112,988,True,20,['alpha_neg'],[]
9187,0.018455473706126213,0.0010000000474974513,0.12606807053089142,824.5630493164062,1655.1260986328125,1669.8192134621984,1655.1504394036035,0.2418690582678461,,,False,,,,,,,,,,990,True,2,['alpha_neg'],
10001,,,,,,,,,,,,,,,,,,,,,119,False,0,[],
10002,,,,,,,,,,,,,,,,,,,,,986,False,0,[],
10003,,,,,,,,,,,,,,,,,,,,,973,False,0,[],
