alpha_pos,alpha_neg,epsilon,nll,aic,bic,aicc,pseudo_r2,n_trials,converged,n_successful_starts,at_bounds,grad_norm,hessian_condition,hessian_invertible,alpha_pos_se,alpha_neg_se,epsilon_se,alpha_pos_ci_lower,alpha_pos_ci_upper,alpha_neg_ci_lower,alpha_neg_ci_upper,epsilon_ci_lower,epsilon_ci_upper,high_correlations,participant_id
0.02486202,0.001,0.16459832,763.2312622070312,1532.4625244140625,1547.1495725073062,1532.486914657965,0.29683903456603955,988,True,1,['alpha_neg'],4.968010398442857e-05,inf,False,0.003264426253736019,,0.0358256921172142,0.01846386145765469,0.03126017723267391,,,0.09438124968324801,0.23481538222516873,[],10000
0.018455474,0.001,0.12606817,824.56298828125,1655.1259765625,1669.8190913918859,1655.150317333291,0.2418691143856172,990,True,10,['alpha_neg'],2.840635715983808e-05,inf,False,0.0032693895045667887,,0.06653700768947601,0.012047588025742056,0.02486335938651037,,,-0.004341963871417859,0.2564783135494574,[],9187
