{
  "model": "qlearning",
  "n_participants": 6,
  "n_starts": 20,
  "total_time_s": 130.08422827720642,
  "total_time_min": 2.1680704712867738,
  "avg_time_per_participant_s": 21.680704712867737,
  "jit_compilation_time_s": 21.913514375686646,
  "steady_state_avg_s": 21.02825870513916,
  "n_jobs": 1,
  "peak_memory_mb": 2027.29296875,
  "initial_memory_mb": 524.41015625,
  "memory_increase_mb": 1502.8828125,
  "timestamp": "2026-02-05T20:40:14.952143",
  "seed": 42,
  "data_file": "output/task_trials_long.csv",
  "n_converged": 1,
  "convergence_rate": 0.16666666666666666
}