participant_id,n_trials,n_blocks,fit_time_s,is_first_fit,memory_before_mb,memory_after_mb,nll,converged
10000,988,17,1087.7951810359955,True,288.15234375,6085.45703125,763.231201171875,True
9187,990,17,108.24705052375793,False,6085.45703125,6921.25,824.5630493164062,True
10001,119,2,5.623539447784424,False,6921.25,6922.65625,,False
