participant_id,alpha_pos,alpha_neg,epsilon,nll,aic,bic,aicc,pseudo_r2,n_trials,converged,n_successful_starts,n_near_best,at_bounds
10000,0.024869630113244057,0.0010000000474974513,0.16474546492099762,763.231201171875,1532.46240234375,1547.1494504369937,1532.4867925876524,0.29683909079740933,988,True,50,3,['alpha_neg']
9187,0.018456285819411278,0.0010000000474974513,0.1260816603899002,824.56298828125,1655.1259765625,1669.8190913918859,1655.150317333291,0.2418691143856172,990,True,50,4,['alpha_neg']
10002,0.09598089754581451,0.024145027622580528,0.12192106246948242,478.10931396484375,962.2186279296875,976.8995969934954,962.2430678482211,0.5586269247601956,986,True,50,5,[]
10003,0.021389838308095932,0.0037315154913812876,0.10478600859642029,679.1678466796875,1364.335693359375,1378.976845605933,1364.3604611612325,0.3646400662779721,973,True,50,1,['alpha_neg']
10004,0.6987072825431824,0.07820750772953033,0.10646939277648926,407.0059509277344,820.0119018554688,834.7050166848546,820.0362426262599,0.6257850686818369,990,False,50,8,[]
10005,0.07616033405065536,0.0010000000474974513,0.09217986464500427,447.5691833496094,901.1383666992188,915.816291622735,901.162831531023,0.5864009874983211,985,True,50,2,['alpha_neg']
