parameter,mean,sd,se,ci_lower,ci_upper,n
alpha_pos,0.42554906010627747,,,,,1
alpha_neg,0.07823564857244492,,,,,1
epsilon,0.1064753532409668,,,,,1
nll,407.0060729980469,,,,,1
aic,820.0121459960938,,,,,1
bic,834.7052608254796,,,,,1
