parameter,mean,sd,se,ci_lower,ci_upper,n
alpha_pos,0.21111405752599238,0.30754996404835416,0.045846841739315754,0.1187158192939205,0.30351229575806427,45
alpha_neg,0.10234063363168389,0.24505283009066323,0.03653031907742859,0.028718613078949892,0.17596265418441787,45
epsilon,0.1224924813878412,0.0704751332814199,0.010505812582707514,0.10131940736546918,0.14366555541021322,45
nll,457.71656494140626,157.25020984124123,23.44147724540812,,,45
aic,921.4331298828125,314.50041968248246,46.88295449081624,,,45
bic,935.3445726692421,314.72034607330545,46.915739181477996,,,45
