participant_id,alpha_pos,alpha_neg,epsilon,nll,aic,bic,aicc,pseudo_r2,grad_norm,hessian_condition,hessian_invertible,alpha_pos_se,alpha_neg_se,epsilon_se,alpha_pos_ci_lower,alpha_neg_ci_lower,epsilon_ci_lower,alpha_pos_ci_upper,alpha_neg_ci_upper,epsilon_ci_upper,n_trials,converged,n_successful_starts,at_bounds,high_correlations
10000,0.02486202,0.001,0.16459832,763.2312622070312,1532.4625244140625,1547.1495725073062,1532.486914657965,0.2968390345660395,4.968010398442857e-05,inf,False,0.003264426253736,,0.0358256921172142,0.0184638614576546,,0.094381249683248,0.0312601772326739,,0.2348153822251687,988,True,1,['alpha_neg'],[]
9187,0.018455473706126213,0.0010000000474974513,0.12606817483901978,824.56298828125,1655.1259765625,1669.8190913918859,1655.150317333291,0.2418691143856172,2.840635715983808e-05,inf,False,0.0032693895045667887,,0.06653700768947601,0.012047588025742056,,-0.004341963871417859,0.02486335938651037,,0.2564783135494574,990,True,10,['alpha_neg'],[]
