parameter,mean,sd,se,ci_lower,ci_upper,n
alpha_pos,0.5359901223226134,0.2621078485569737,0.03744397836528196,0.4607039579576478,0.6112762866875792,49
alpha_neg,0.4805741553632258,0.29400420689714524,0.04200060098530646,0.3961262871810621,0.5650220235453896,49
epsilon,0.31204343854889816,0.17867422699626548,0.02552488957089507,0.26072220839313626,0.36336466870466005,49
nll,475.6870310257892,182.4495323365931,26.064218905227587,,,49
aic,957.3740620515784,364.8990646731862,52.128437810455175,,,49
bic,971.057200673239,365.53559960050757,52.21937137150108,,,49
