parameter,mean,sd,se,ci_lower,ci_upper,n
alpha_pos,0.16681656569404446,0.28965842864676306,0.024657362907487407,0.11805832666756902,0.2155748047205199,138
alpha_neg,0.1067167807933942,0.24714241808665036,0.021038159742377018,0.06511526706929258,0.1483182945174958,138
epsilon,0.1906759316013937,0.12384443324344349,0.010542338259659714,0.16982918287603194,0.21152268032675547,138
nll,489.09429743670034,128.463976213176,10.935579871870262,,,138
aic,984.1885948734007,256.927952426352,21.871159743740524,,,138
bic,997.9415150923695,257.0180498651441,21.878829347058165,,,138
