alpha_pos,alpha_neg,epsilon,nll,aic,bic,aicc,pseudo_r2,n_trials,converged,n_successful_starts,at_bounds,participant_id
0.024862107,0.001,0.16459888,763.2313232421875,1532.462646484375,1547.1496945776187,1532.4870367282774,0.29683897833466966,988,True,2,['alpha_neg'],10000
0.01846599206328392,0.0010000000474974513,0.12625759840011597,824.56298828125,1655.1259765625,1669.8190913918859,1655.150317333291,0.2418691143856172,990,False,20,['alpha_neg'],9187
0.09598201513290405,0.02410433255136013,0.12197941541671753,478.109375,962.21875,976.8997190638079,962.2431899185336,0.5586268684147662,986,False,20,[],10002
