{
  "model": "qlearning",
  "n_participants": 154,
  "n_starts": 50,
  "total_time_s": 8089.95291519165,
  "total_time_min": 134.8325485865275,
  "avg_time_per_participant_s": 52.53216178695877,
  "jit_compilation_time_s": null,
  "steady_state_avg_s": null,
  "n_jobs": 1,
  "peak_memory_mb": 2289.81640625,
  "initial_memory_mb": 2289.81640625,
  "memory_increase_mb": 0.0,
  "timestamp": "2026-04-06T01:30:01.769865",
  "seed": 42,
  "data_file": "output/task_trials_long.csv",
  "n_converged": 138,
  "convergence_rate": 0.8961038961038961,
  "hessian_success_count": 147,
  "hessian_success_rate": 0.9545454545454546
}