parameter,mean,sd,se,ci_lower,ci_upper,n
alpha_pos,0.0248620193451643,,,,,1
alpha_neg,0.0010000000474974513,,,,,1
epsilon,0.16459831595420837,,,,,1
nll,763.2312622070312,,,,,1
aic,1532.4625244140625,,,,,1
bic,1547.1495725073062,,,,,1
