{
  "model": "wmrl_m5",
  "n_participants": 154,
  "n_starts": 50,
  "total_time_s": 26347.313730955124,
  "total_time_min": 439.1218955159187,
  "avg_time_per_participant_s": 171.0864527984099,
  "jit_compilation_time_s": null,
  "steady_state_avg_s": null,
  "n_jobs": 1,
  "peak_memory_mb": 2495.328125,
  "initial_memory_mb": 2310.7265625,
  "memory_increase_mb": 184.6015625,
  "timestamp": "2026-04-13T09:44:01.057667",
  "seed": 42,
  "data_file": "output/task_trials_long.csv",
  "n_converged": 120,
  "convergence_rate": 0.7792207792207793,
  "hessian_success_count": 148,
  "hessian_success_rate": 0.961038961038961
}