{
  "model": "wmrl",
  "n_participants": 154,
  "n_starts": 50,
  "total_time_s": 24453.305772781372,
  "total_time_min": 407.55509621302286,
  "avg_time_per_participant_s": 158.78769982325565,
  "jit_compilation_time_s": null,
  "steady_state_avg_s": null,
  "n_jobs": 1,
  "peak_memory_mb": 3277.22265625,
  "initial_memory_mb": 3143.1328125,
  "memory_increase_mb": 134.08984375,
  "timestamp": "2026-04-08T13:38:10.514550",
  "seed": 42,
  "data_file": "output/task_trials_long.csv",
  "n_converged": 103,
  "convergence_rate": 0.6688311688311688,
  "hessian_success_count": 146,
  "hessian_success_rate": 0.948051948051948
}