parameter,mean,sd,se,ci_lower,ci_upper,n
alpha_pos,0.0348340193306638,0.10977069058393263,0.013410624275246955,0.008058844066767601,0.061609194594560004,67
alpha_neg,0.019696949607581456,0.12405031828959637,0.015155158457662795,-0.010561300532572277,0.049955199747735185,67
phi,0.2878255330168628,0.20562825101096469,0.02512148916996841,0.23766886158900805,0.3379822044447176,67
rho,0.7647353563659283,0.25389295229006975,0.031017960907259733,0.7028059992700397,0.8266647134618168,67
capacity,3.214409312205528,1.5900428305039036,0.1942546491053887,2.8265673915856424,3.6022512328254135,67
epsilon,0.10574663824005637,0.13077166209178887,0.01597630129530435,0.07384892352738998,0.13764435295272276,67
nll,490.0231018066406,131.77590410182412,16.098988983669614,,,67
aic,992.0462036132812,263.55180820364825,32.19797796733923,,,67
bic,1019.4081740087637,263.57705910255424,32.201062855628074,,,67
