{
  "model": "wmrl_m6a",
  "n_participants": 154,
  "n_starts": 50,
  "total_time_s": 18140.573231697083,
  "total_time_min": 302.3428871949514,
  "avg_time_per_participant_s": 117.79593007595508,
  "jit_compilation_time_s": null,
  "steady_state_avg_s": null,
  "n_jobs": 1,
  "peak_memory_mb": 2396.6640625,
  "initial_memory_mb": 2297.91796875,
  "memory_increase_mb": 98.74609375,
  "timestamp": "2026-04-08T16:53:53.429506",
  "seed": 42,
  "data_file": "output/task_trials_long.csv",
  "n_converged": 121,
  "convergence_rate": 0.7857142857142857,
  "hessian_success_count": 146,
  "hessian_success_rate": 0.948051948051948
}