{
  "model": "wmrl_m3",
  "n_participants": 154,
  "n_starts": 50,
  "total_time_s": 17914.826659679413,
  "total_time_min": 298.5804443279902,
  "avg_time_per_participant_s": 116.33004324467151,
  "jit_compilation_time_s": null,
  "steady_state_avg_s": null,
  "n_jobs": 1,
  "peak_memory_mb": 2398.796875,
  "initial_memory_mb": 2297.796875,
  "memory_increase_mb": 101.0,
  "timestamp": "2026-04-13T06:32:37.994995",
  "seed": 42,
  "data_file": "output/task_trials_long.csv",
  "n_converged": 117,
  "convergence_rate": 0.7597402597402597,
  "hessian_success_count": 150,
  "hessian_success_rate": 0.974025974025974
}