{
  "model": "wmrl_m3",
  "n_participants": 154,
  "n_starts": 50,
  "total_time_s": 17984.337815761566,
  "total_time_min": 299.7389635960261,
  "avg_time_per_participant_s": 116.78141438806212,
  "jit_compilation_time_s": null,
  "steady_state_avg_s": null,
  "n_jobs": 1,
  "peak_memory_mb": 2397.98046875,
  "initial_memory_mb": 2301.0078125,
  "memory_increase_mb": 96.97265625,
  "timestamp": "2026-04-08T11:50:16.608117",
  "seed": 42,
  "data_file": "output/task_trials_long.csv",
  "n_converged": 117,
  "convergence_rate": 0.7597402597402597,
  "hessian_success_count": 150,
  "hessian_success_rate": 0.974025974025974
}