{
  "model": "wmrl_m6b",
  "n_participants": 154,
  "n_starts": 50,
  "total_time_s": 26637.539385557175,
  "total_time_min": 443.9589897592862,
  "avg_time_per_participant_s": 172.9710349711505,
  "jit_compilation_time_s": null,
  "steady_state_avg_s": null,
  "n_jobs": 1,
  "peak_memory_mb": 3356.65625,
  "initial_memory_mb": 3148.25390625,
  "memory_increase_mb": 208.40234375,
  "timestamp": "2026-04-08T21:03:41.799014",
  "seed": 42,
  "data_file": "output/task_trials_long.csv",
  "n_converged": 119,
  "convergence_rate": 0.7727272727272727,
  "hessian_success_count": 149,
  "hessian_success_rate": 0.9675324675324676
}