{
  "model": "wmrl_m6a",
  "n_participants": 154,
  "n_starts": 50,
  "total_time_s": 18638.05358481407,
  "total_time_min": 310.6342264135679,
  "avg_time_per_participant_s": 121.02632197931216,
  "jit_compilation_time_s": null,
  "steady_state_avg_s": null,
  "n_jobs": 1,
  "peak_memory_mb": 2476.24609375,
  "initial_memory_mb": 2297.83203125,
  "memory_increase_mb": 178.4140625,
  "timestamp": "2026-04-05T09:45:45.820160",
  "seed": 42,
  "data_file": "output/task_trials_long.csv",
  "n_converged": 80,
  "convergence_rate": 0.5194805194805194,
  "hessian_success_count": 70,
  "hessian_success_rate": 0.45454545454545453
}