{
  "model": "wmrl_m5",
  "n_participants": 154,
  "n_starts": 50,
  "total_time_s": 20263.4358420372,
  "total_time_min": 337.72393070062003,
  "avg_time_per_participant_s": 131.5807522210208,
  "jit_compilation_time_s": null,
  "steady_state_avg_s": null,
  "n_jobs": 1,
  "peak_memory_mb": 2405.67578125,
  "initial_memory_mb": 2299.70703125,
  "memory_increase_mb": 105.96875,
  "timestamp": "2026-04-06T04:52:55.966314",
  "seed": 42,
  "data_file": "output/task_trials_long.csv",
  "n_converged": 68,
  "convergence_rate": 0.44155844155844154,
  "hessian_success_count": 81,
  "hessian_success_rate": 0.525974025974026
}