{
  "model": "wmrl_m3",
  "n_participants": 154,
  "n_starts": 50,
  "total_time_s": 18089.481699943542,
  "total_time_min": 301.4913616657257,
  "avg_time_per_participant_s": 117.46416688275028,
  "jit_compilation_time_s": null,
  "steady_state_avg_s": null,
  "n_jobs": 1,
  "peak_memory_mb": 2395.9609375,
  "initial_memory_mb": 2299.48828125,
  "memory_increase_mb": 96.47265625,
  "timestamp": "2026-04-06T04:16:42.347824",
  "seed": 42,
  "data_file": "output/task_trials_long.csv",
  "n_converged": 75,
  "convergence_rate": 0.487012987012987,
  "hessian_success_count": 94,
  "hessian_success_rate": 0.6103896103896104
}