parameter,mean,sd,se,ci_lower,ci_upper,n
alpha_pos,0.5340727044597381,0.268233994788927,0.03831914211270386,0.45702690544559327,0.6111185034738829,49
alpha_neg,0.4812856811451819,0.25734169621438635,0.03676309945919805,0.4073685155745217,0.5552028467158421,49
phi,0.37854551469874514,0.209990740765453,0.02999867725220757,0.3182291315327052,0.4388618978647851,49
rho,0.494780128933542,0.279338969100752,0.03990556701439314,0.4145446088717001,0.5750156489953839,49
capacity,3.955825382506199,1.765298653825749,0.25218552197510696,3.4487724066534398,4.462878358358958,49
epsilon,0.2666824387529735,0.1698216035367088,0.024260229076672687,0.21790397894348934,0.3154608985624576,49
nll,470.78913676982023,178.39236452463774,25.48462350351968,,,49
aic,953.5782735396405,356.7847290492755,50.96924700703936,,,49
bic,980.9445507829615,358.08259630736575,51.15465661533796,,,49
