{
  "model": "wmrl",
  "n_participants": 154,
  "n_starts": 50,
  "total_time_s": 17179.962948799133,
  "total_time_min": 286.3327158133189,
  "avg_time_per_participant_s": 111.55820096622814,
  "jit_compilation_time_s": null,
  "steady_state_avg_s": null,
  "n_jobs": 1,
  "peak_memory_mb": 2368.4140625,
  "initial_memory_mb": 2300.44140625,
  "memory_increase_mb": 67.97265625,
  "timestamp": "2026-04-06T04:01:34.080064",
  "seed": 42,
  "data_file": "output/task_trials_long.csv",
  "n_converged": 67,
  "convergence_rate": 0.43506493506493504,
  "hessian_success_count": 85,
  "hessian_success_rate": 0.551948051948052
}