{
  "model": "wmrl_m6a",
  "n_participants": 154,
  "n_starts": 50,
  "total_time_s": 18154.210589170456,
  "total_time_min": 302.57017648617426,
  "avg_time_per_participant_s": 117.8844843452627,
  "jit_compilation_time_s": null,
  "steady_state_avg_s": null,
  "n_jobs": 1,
  "peak_memory_mb": 2393.80078125,
  "initial_memory_mb": 2297.06640625,
  "memory_increase_mb": 96.734375,
  "timestamp": "2026-04-06T06:33:52.964208",
  "seed": 42,
  "data_file": "output/task_trials_long.csv",
  "n_converged": 80,
  "convergence_rate": 0.5194805194805194,
  "hessian_success_count": 92,
  "hessian_success_rate": 0.5974025974025974
}