{
  "model": "wmrl_m5",
  "n_participants": 154,
  "n_starts": 50,
  "total_time_s": 20259.167024374008,
  "total_time_min": 337.6527837395668,
  "avg_time_per_participant_s": 131.55303262580526,
  "jit_compilation_time_s": null,
  "steady_state_avg_s": null,
  "n_jobs": 1,
  "peak_memory_mb": 2393.71484375,
  "initial_memory_mb": 2301.0546875,
  "memory_increase_mb": 92.66015625,
  "timestamp": "2026-04-08T14:44:23.143237",
  "seed": 42,
  "data_file": "output/task_trials_long.csv",
  "n_converged": 118,
  "convergence_rate": 0.7662337662337663,
  "hessian_success_count": 149,
  "hessian_success_rate": 0.9675324675324676
}