{
  "model": "wmrl",
  "n_participants": 154,
  "n_starts": 50,
  "total_time_s": 16882.806813955307,
  "total_time_min": 281.38011356592176,
  "avg_time_per_participant_s": 109.62861567503447,
  "jit_compilation_time_s": null,
  "steady_state_avg_s": null,
  "n_jobs": 1,
  "peak_memory_mb": 2367.26953125,
  "initial_memory_mb": 2296.3828125,
  "memory_increase_mb": 70.88671875,
  "timestamp": "2026-04-13T05:58:18.611848",
  "seed": 42,
  "data_file": "output/task_trials_long.csv",
  "n_converged": 103,
  "convergence_rate": 0.6688311688311688,
  "hessian_success_count": 146,
  "hessian_success_rate": 0.948051948051948
}