{
  "model": "wmrl",
  "n_participants": 45,
  "n_starts": 50,
  "total_time_s": 7816.823709011078,
  "total_time_min": 130.28039515018463,
  "avg_time_per_participant_s": 173.7071935335795,
  "jit_compilation_time_s": 163.96653199195862,
  "steady_state_avg_s": 173.79831589352,
  "n_jobs": 1,
  "peak_memory_mb": 2161.61328125,
  "initial_memory_mb": 522.734375,
  "memory_increase_mb": 1638.87890625,
  "timestamp": "2026-02-06T01:24:01.688328",
  "seed": 42,
  "data_file": "output/task_trials_long.csv",
  "n_converged": 45,
  "convergence_rate": 1.0
}