{
  "model": "wmrl_m3",
  "n_participants": 3,
  "n_starts": 20,
  "total_time_s": 507.12489795684814,
  "total_time_min": 8.452081632614135,
  "avg_time_per_participant_s": 169.04163265228271,
  "jit_compilation_time_s": 495.35471844673157,
  "steady_state_avg_s": 5.4922953844070435,
  "n_jobs": 1,
  "peak_memory_mb": 8533.65234375,
  "initial_memory_mb": 183.39453125,
  "memory_increase_mb": 8350.2578125,
  "timestamp": "2026-02-04T22:03:58.593894",
  "seed": 42,
  "data_file": "output/task_trials_long.csv",
  "n_converged": 0,
  "convergence_rate": 0.0,
  "hessian_success_count": 0,
  "hessian_success_rate": 0.0
}