participant_id,n_trials,n_blocks,fit_time_s,is_first_fit,memory_before_mb,memory_after_mb,nll,converged
10000,988,17,495.35471844673157,True,293.47265625,8525.65234375,724.554931640625,False
9187,990,17,5.233544588088989,False,8525.65234375,8528.65234375,,False
10002,986,17,5.751046180725098,False,8528.65234375,8533.65234375,,False
