parameter,mean,sd,se,ci_lower,ci_upper,n
alpha_pos,0.09773024767637253,0.24316798741509188,0.03624934332079725,0.024674496552758135,0.17078599879998693,45
alpha_neg,0.02377193888856305,0.14870703755615208,0.022167936313878017,-0.020904601150761114,0.06844847892788722,45
phi,0.28543530128534056,0.20213372103986205,0.030132316052674066,0.22470760856988994,0.3461629940007912,45
rho,0.7390615930159886,0.24281717540891007,0.03619704735458754,0.6661112374869474,0.8120119485450298,45
capacity,3.643132954173618,1.6265084989022234,0.24246557130176755,3.1544757038530533,4.131790204494183,45
epsilon,0.04896634878176782,0.038344170161792264,0.005716011401505774,0.03744648474802223,0.060486212815513404,45
nll,435.5985327826606,156.3880846014763,23.312959202659272,,,45
aic,883.1970655653212,312.7761692029526,46.625918405318544,,,45
bic,911.0199511381808,313.2023957672727,46.68945651009428,,,45
