{
  "model": "wmrl",
  "n_participants": 154,
  "n_starts": 50,
  "total_time_s": 20492.61353135109,
  "total_time_min": 341.5435588558515,
  "avg_time_per_participant_s": 133.06891903474732,
  "jit_compilation_time_s": null,
  "steady_state_avg_s": null,
  "n_jobs": 1,
  "peak_memory_mb": 1755.66015625,
  "initial_memory_mb": 1634.640625,
  "memory_increase_mb": 121.01953125,
  "timestamp": "2026-04-09T09:19:16.097159",
  "seed": 42,
  "data_file": "output/ppc/wmrl/synthetic_trials.csv",
  "n_converged": 131,
  "convergence_rate": 0.8506493506493507
}