source,overall_accuracy,accuracy_ss2,accuracy_ss3,accuracy_ss5,accuracy_ss6,accuracy_early,accuracy_late,learning_effect,post_reversal_accuracy
real,0.7495008272006389,0.8397395505145978,0.8266625615763546,0.7300387239535313,0.6939405634890004,0.7332226373322264,0.7791970802919708,0.0459744429597444,0.40268456375838924
synthetic,0.5168715481916979,0.5150361629234869,0.512025694651927,0.5241211942932784,0.5165147212673741,0.5165879350599989,0.5137319929526376,-0.0028559421073612867,0.42962962962962964
difference,-0.23262927900894104,-0.32470338759111095,-0.3146368669244276,-0.2059175296602529,-0.17742584222162627,-0.21663470227222748,-0.26546508733933316,-0.048830385067105686,0.026945065871240403
